reaction,resp,ferm,
13BGH,0,0,
13BGHe,0,0,
13GS,0.34044,0.34044,
2DDA7Ptm,-0.07929,-0.07929,
2DHPtm,-1.44723e-13,0,
2MCITtm,0,0,
2OHPH_5tn,0,0,
2OMPH_5tm,1.4744e-13,0,
2OMPH_5tn,-1.47602e-13,0,
2OXOADPtim,0.08586,0.08586,
34HPPOR,0,0,
34HPPt2m,999.32,999.32,
34HPPt2p,0,0,
3C3HMPtm,0,0,
3C4MOPtm,0,0,
3DSPHR,0,0,
3HAO,0,0,
3MOBtm,-0.1683,-0.1683,
3MOPtm,-0.05781,-0.05781,
3OPHB_5tm,0,0,
4ABUTNtm,0,0,
4ABUTtm,0,0,
4ABZtm,0,0,
4H2OGLTtm,0,0,
4H2OGLTtp,0,0,
4HBZtm,0,0,
4HGLSDm,-1000,-1000,
4HPRO_LTtm,0,0,
4HTHRS,0,0,
5AOPt2,0,0,
5AOPtm,0,0,
5MTHFtm,0,0,
6PGLter,-0.00087,-0.00087,
8AONNt2,0,0,
AABTN,0,0,
AASAD1,0,0,
AASAD2,0.08586,0.08586,
AATA,0.08586,0.08586,
ABTA,0,0,
ABTt,0,0,
ABUTDm,0,0,
ABUTt2,0,0,
ACACT1,0.00396,0.00396,
ACACT1m,0,0,
ACACT4p,0,0,
ACACT5p,0,0,
ACACT6p,0,4.4736e-12,
ACACT7p,0,0,
ACACT8p,0,0,
ACACT9p,0,0,
ACALDt,0,0,
ACCOACr,0.11928,0.11928,
ACGAM6PS,-3.97449e-13,-3.97449e-13,
ACGAMPM,-2.88632e-13,-2.88632e-13,
ACGKm,0.04821,0.04821,
ACGSm,0,0,
ACHBSm,0.05781,0.05781,
ACLSm,0.1683,0.1683,
ACOAH,0.645631,0.66216,
ACOAO4p,0,0,
ACOAO5p,0,0,
ACOAO6p,0,4.37405e-12,
ACOAO7p,0,0,
ACOAO8p,0,0,
ACOAO9p,0,0,
ACOATA,0,0,
ACOATAm,0,0,
ACONT,-999.694,-999.694,
ACONTm,1000,1000,
ACOTAim,0.04821,0.04821,
ACP1e,0,0,
ACPSm,0,0,
ACRNtm,0.3915,0.3915,
ACRNtp,0,0,
ACS,0,0,
ACSm,0,0,
ACSp,0,0,
ACt2r,0,0,
ACtm,0,0,
ACtp,0,0,
ADA,0,0,
ADCL,0,0,
ADCS,0,0,
ADD,0,0,
ADEt2,0,0,
ADEtm,-1.37496e-13,-1.37496e-13,
ADHAPR_SC,0,0,
ADK1,0.591,0.60759,
ADK1m,0,0,
ADK3,999.723,999.723,
ADK3m,0,0,
ADK4,-1000,-1000,
ADK4m,0,0,
ADMDC,0,0,
ADNCYC,0,0,
ADNK1,0.00561,0.00561,
ADNUC,0,0,
ADNt2,0,0,
ADPT,0,0,
ADSK,0.01719,0.03378,
ADSL1r,0.03477,0.03477,
ADSL2r,0.0294,0.0294,
ADSS,0.03477,0.03477,
AGAT_SC,0.00741,0.00741,
AGPRim,0.04821,0.04821,
AGT,4.22515e-13,8.45031e-13,
AHCYStm,0,0,
AHCYStn,0,0,
AHCi,0.00561,0.00561,
AHMMPS,0,0,
AHSERL,0,0,
AHSERL2,0.01521,0.0318,
AICART,0.04929,0.04929,
AIRCr,0.0294,0.0294,
AKGDam,6.1056e-05,0,
AKGDbm,6.1056e-05,0,
AKGMAL,0,0,
AKGt2n,0,0,
AKGt2r,-1.38769e-13,-1.38769e-13,
AKP1,0,0,
ALASm,0,0,
ALATA_L,-0.13764,-0.13764,
ALATA_Lm,0,0,
ALATRS,0,0,
ALAt2r,0,1.4001e-13,
ALCD19y,0,0,
ALCD2m,0,0,
ALCD2x,1.39318e-13,-24.6025,
ALDD19x,0,0,
ALDD20xm,0,0,
ALDD20y,0,0,
ALDD20ym,0,0,
ALDD2xm,0,0,
ALDD2y,0.628441,0.62838,
ALDD2ym,0,0,
ALLTAHr,0,0,
ALLTNr,0,0,
ALLTNti,0,0,
ALLTTti,0,0,
ALPHNH,0,0,
AM6SAD,0,0,
AMAOTr,0,0,
AMETt2,0,0,
AMETtm,0,0,
AMETtn,0,0,
AMID,0,0,
AMID2,0,0,
AMID3,0,0,
AMPDA,0,0,
AMPN,0,0,
ANPRT,0.00852,0.00852,
ANS,0.00852,0.00852,
AP4AHr,0,0,
APRAUR,0,0,
APRTO2,0,0,
ARAB1D1,0,0,
ARAB1D2,0,0,
ARABR,0,0,
ARAB_Dt,0,0,
ARAB_Lt,0,0,
ARGN,0,0,
ARGSL,0.04821,0.04821,
ARGSSr,0.04821,0.04821,
ARGTRS,0,0,
ARGTRSm,0,0,
ARGt2m,0,0,
ARGt2r,0,0,
ARMT,0,0,
ASADi,0.01521,0.14703,
ASNN,0,0,
ASNNe,0,0,
ASNS1,0.03051,0.03051,
ASNTRS,0,0,
ASNTRSm,0,0,
ASNt2m,0,0,
ASNt2r,0,0,
ASP1DC,0,0,
ASPCTn,0.03318,0.03318,
ASPGLUtp,1.61546e-13,1.61546e-13,
ASPKi,0.01521,0.14703,
ASPOcm,0,0,
ASPTA,-999.868,-1000,
ASPTAm,999.588,999.588,
ASPTAp,1.5465e-13,1.5465e-13,
ASPTRS,0,0,
ASPTRSm,0,0,
ASPt2m,999.588,999.588,
ASPt2n,0.03318,0.03318,
ASPt2r,0,0,
ATP2tp_H,0,0,
ATPATF1,0,0,
ATPATF2,0,0,
ATPATF3,0,0,
ATPM,0,0,
ATPPRT,0.01989,0.01989,
ATPS,1.57206,1.57206,
ATPS3g,0,0,
ATPS3m,16.765,0.04821,
ATPS3v,0,0,
ATPtm_H,16.7168,0,
ATPtp_H,0,0,
BPNT,0.01719,0.03378,
BTNt2i,0,0,
BTSr,0,0,
C14STR,0.00066,0.00066,
C22STDS,0,0,
C24STRer,0.00021,0.00021,
C3STDH1,0.00066,0.00066,
C3STDH2,0.00066,0.00066,
C3STKR1,0.00066,0.00066,
C3STKR2,0.00066,0.00066,
C4STMO1,0.00066,0.00066,
C4STMO2,0.00066,0.00066,
C5STDS,0,0,
C8STI,0,0,
CAT,0,9.94522e-11,
CATp,0,0,
CBASPtn,1.4722e-13,-7.36098e-13,
CBPS,0.08139,0.08139,
CBPSn,0,0,
CBPtn,0.03318,0.03318,
CDPDGPm_SC,0,0,
CDPtn,0,0,
CERH124,0,0,
CERH126,0,0,
CERS124,0,0,
CERS126,0,0,
CERS224,0,0,
CERS226,0,0,
CERS2_24,0,0,
CERS2_26,0,0,
CERS324,0,0,
CERS326,0,0,
CHLPCTD,0,0,
CHLSTI,0.00021,0.00021,
CHLt2,0,0,
CHOLK,0,0,
CHORM,0.07077,0.07077,
CHORS,0.07929,0.07929,
CHRPL,0,0,
CHTNDA,0,0,
CHTNS,0,0,
CITt2r,0,0,
CITtam,0.07929,0.07929,
CITtap,0,0,
CITtbm,-0.07929,-0.07929,
CITtcm,999.694,999.694,
CITtcp,0,0,
CLPNSm_SC,0,0,
CMPN,0,0,
CMPtm,-1.50456e-13,-1.50456e-13,
CO2t,-7.71749,-25.3096,
CO2tg,0,0,
CO2tm,-2.82027,-1.12242,
CO2tn,0,0,
CO2tp,0,0,
CO2tv,0,0,
CPPPGO,0,0,
CRNCARtm,6.1056e-05,0,
CRNCARtp,0,0,
CRNt,0,0,
CRNtim,0.3915,0.3915,
CRNtp,0,0,
CSNAT,0.391561,0.3915,
CSNATifm,0.391561,0.391561,
CSNATirm,0,6.1056e-05,
CSNATirp,0,0,
CSND,0,0,
CSNt2,0,0,
CSm,0.305701,0.30564,
CSp,0,0,
CTPS1,0.01341,0.01341,
CTPS2,0,0,
CYOOm,7.48542,0,
CYOR_u6m,14.9708,0,
CYSS,0.00198,0.00198,
CYSTGL,0,0,
CYSTL,0,0,
CYSTLp,0,0,
CYSTRS,0,0,
CYSTS,0,0,
CYSTtp,0,0,
CYSt2r,0,-9.18161e-13,
CYTD,0,0,
CYTDK2,0,0,
CYTDt2,0,0,
CYTK1,-0.00816,-0.00816,
CYTK2,999.998,999.998,
DADA,0,0,
DADK,-0.00108,-0.00108,
DADNt2,0,0,
DADPtn,0,0,
DAGCPT_SC,0,0,
DAGPYP_SC,0.00198,0.00198,
DANNt2,0,0,
DASYN_SC,0.00525,0.00525,
DASYNm_SC,0,0,
DB4PS,0,0,
DBTSr,0,0,
DCDPtn,0,0,
DCMPDA,-999.999,-999.999,
DCTPD,999.998,999.998,
DCYTD,0,0,
DCYTt2,0,0,
DDPA,0,0,
DDPAm,0.07929,0.07929,
DESAT14,0,0,
DESAT16,0.002856,0.002856,
DESAT18,0.005544,0.005544,
DESAT18_2,0.001512,0.001512,
DGDPtn,1.40388e-13,0,
DGGH,0,0,
DGK1,-0.00072,-0.00072,
DGSNt2,0,0,
DHAD1m,0.1683,0.1683,
DHAD2m,0.05781,0.05781,
DHAK,0,0,
DHAPtm,0,0,
DHFRi,0,0,
DHFRim,0.00108,0.00108,
DHFS,0,0,
DHFtm,0.00108,0.00108,
DHNPAm,0,0,
DHNPTtm,0,0,
DHORD,-1.56762e-13,1.98931e-10,
DHORD4,0.03318,0.03318,
DHORTS,0,1.00431e-12,
DHORTSn,-0.03318,-0.03318,
DHORtn,-0.03318,-0.03318,
DHPPDA,0,0,
DHPSm,0,0,
DHPTtm,0,0,
DHQS,0.07929,0.07929,
DHQTi,0.07929,0.07929,
DIAT,0,0,
DICtm,-29.2916,-29.2584,
DINSt2,0,0,
DIPS,0,0,
DMATT,0.00132,0.00132,
DMQMT6m,0,0,
DNMPPA,0,0,
DNTPPA,0,0,
DOLK,0,0,
DOLPMMer,0.24237,0.24237,
DOLPMTcer,0.24237,0.24237,
DOLPt2er,-0.24237,-0.24237,
DPCOAK,0,0,
DPCOAKm,0,0,
DPGM,0,0,
DPMVD,0.00396,0.00396,
DPR,0,0,
DPRm,0,0,
DRBK,0,0,
DTMPK,0,0,
DTTPt,0,0,
DUMPtn,3.2709e-13,3.2709e-13,
DURIK1,0,0,
DURIPP,-2.83279e-13,-2.83279e-13,
DURIt2,0,0,
DUTPDP,0,0,
DXHPScm,0,0,
D_LACDm,0,0,
D_LACtm,0,0,
E4HGLUtm,-1.57378e-13,-1.57378e-13,
E4HGLUtp,0,0,
E4Ptm,0.07929,0.07929,
ECOAH11p,0,0,
ECOAH4p,0,0,
ECOAH5p,0,2.09908e-12,
ECOAH6p,0,-4.40806e-12,
ECOAH7p,0,0,
ECOAH8p,0,0,
EHGLAT,0,0,
EHGLATm,0,0,
EHGLATp,0,0,
ENO,1.89957,26.5517,
EPMGH,0,0,
ERGSTt,0,0,
ERGSTter,0.00021,0.00021,
ERGTETROLter,0.00021,0.00021,
ETHAK,0,0,
ETHAPT_SC,0,0,
ETOHt,1.41473e-13,-24.6025,
ETOHtm,0,0,
EX_13BDglcn(e),0,0,
EX_4abut(e),0,0,
EX_5aop(e),0,0,
EX_8aonn(e),0,0,
EX_abt(e),0,0,
EX_ac(e),0,0,
EX_acald(e),0,0,
EX_ade(e),0,0,
EX_adn(e),0,0,
EX_akg(e),0,0,
EX_ala_L(e),0,0,
EX_alltn(e),0,0,
EX_alltt(e),0,0,
EX_amet(e),0,0,
EX_arab_D(e),0,0,
EX_arab_L(e),0,0,
EX_arg_L(e),0,0,
EX_asn_L(e),0,0,
EX_asp_L(e),0,0,
EX_btn(e),0,0,
EX_chol(e),0,0,
EX_cit(e),0,0,
EX_co2(e),7.71749,25.3096,
EX_crn(e),0,0,
EX_csn(e),0,0,
EX_cys_L(e),0,0,
EX_cytd(e),0,0,
EX_dad_2(e),0,0,
EX_dann(e),0,0,
EX_dcyt(e),0,0,
EX_dgsn(e),0,0,
EX_din(e),0,0,
EX_dttp(e),0,0,
EX_duri(e),0,0,
EX_ergst(e),0,0,
EX_etoh(e),0,24.6025,
EX_fmn(e),0,0,
EX_for(e),0,0,
EX_fru(e),0,0,
EX_fum(e),0,0,
EX_gal(e),0,0,
EX_gam6p(e),0,0,
EX_gcald(e),0,0,
EX_glc(e),-3.08251,-14.7014,
EX_gln_L(e),0,0,
EX_glu_L(e),0,0,
EX_gly(e),0,0,
EX_glyc(e),0,0.900288,
EX_gsn(e),0,0,
EX_gthox(e),0,0,
EX_gua(e),0,0,
EX_h(e),1.51275,1.56252,
EX_h2o(e),11.2933,3.44894,
EX_hdca(e),0,0,
EX_hdcea(e),0,0,
EX_his_L(e),0,0,
EX_hxan(e),0,0,
EX_ile_L(e),0,0,
EX_inost(e),0,0,
EX_ins(e),0,0,
EX_k(e),0,0,
EX_lac_L(e),0,0,
EX_leu_L(e),0,0,
EX_lys_L(e),0,0,
EX_mal_L(e),0,0,
EX_malt(e),0,0,
EX_man(e),0,0,
EX_melib(e),0,0,
EX_met_L(e),0,0.01659,
EX_mmet(e),0,0,
EX_na1(e),0,0,
EX_nh4(e),-1.67775,-1.69434,
EX_nmn(e),0,0,
EX_o2(e),-7.50214,-0.016722,
EX_ocdca(e),0,0,
EX_ocdcea(e),0,0,
EX_ocdcya(e),0,0,
EX_orn(e),0,0,
EX_pap(e),0,0,
EX_pepd(e),0,0,
EX_phe_L(e),0,0,
EX_pi(e),-0.05931,-0.05931,
EX_pnto_R(e),0,0,
EX_pro_L(e),0,0,
EX_ptrc(e),0,0,
EX_pyr(e),0,0,
EX_rib_D(e),0,0,
EX_ribflv(e),0,0,
EX_sbt_D(e),0,0,
EX_sbt_L(e),0,0,
EX_ser_L(e),0,0,
EX_so4(e),-0.02319,-0.03978,
EX_spmd(e),0,0,
EX_sprm(e),0,0,
EX_srb_L(e),0,0,
EX_succ(e),0,0.03318,
EX_sucr(e),0,0,
EX_thm(e),0,0,
EX_thmmp(e),0,0,
EX_thmpp(e),0,0,
EX_thr_L(e),0,0,
EX_thym(e),0,0,
EX_thymd(e),0,0,
EX_tre(e),0,0,
EX_trp_L(e),0,0,
EX_ttdca(e),0,0,
EX_tyr_L(e),0,0,
EX_ura(e),0,0,
EX_urea(e),0,0,
EX_uri(e),0,0,
EX_val_L(e),0,0,
EX_xan(e),0,0,
EX_xtsn(e),0,0,
EX_xyl_D(e),0,0,
EX_xylt(e),0,0,
EX_zymst(e),0,0,
FA100tp,0,0,
FA120ACPH,0,0,
FA120ACPtm,0,0,
FA120tp,0,-6.31007e-12,
FA140ACPH,0,0,
FA140ACPtm,0,0,
FA140COAabcp,0,0,
FA140tp,0,4.37241e-12,
FA141ACPH,0,-1.43473e-13,
FA141ACPtm,0,0,
FA141COAabcp,0,0,
FA141tp,0,0,
FA160ACPH,0,-1.00431e-12,
FA160ACPtm,0,0,
FA160COAabcp,0,0,
FA160tp,0,0,
FA161ACPH,-1.00431e-12,1.43473e-13,
FA161ACPtm,0,0,
FA161COAabcp,0,0,
FA161tp,0,0,
FA180ACPH,0,1.43473e-13,
FA180ACPtm,0,0,
FA180COAabcp,0,0,
FA181ACPH,0,0,
FA181ACPtm,0,0,
FA181COAabcp,0,0,
FA182ACPH,0,0,
FA182ACPtm,0,0,
FA182COAabcp,0,0,
FA240tp,0,0,
FA260tp,0,0,
FA80tp,0,0,
FACOAL100p,0,1.69986e-12,
FACOAL120p,0,-6.43518e-12,
FACOAL140,-0.013776,-0.013776,
FACOAL140p,0,4.18028e-12,
FACOAL141,0,1.76315e-13,
FACOAL141p,0,0,
FACOAL160,0.007392,0.007392,
FACOAL160p,3.64256e-13,9.71348e-13,
FACOAL161,-9.27629e-13,-1.19267e-12,
FACOAL161p,0,1.1582e-12,
FACOAL180,0.006384,0.006384,
FACOAL181,0,-1.48502e-13,
FACOAL182,0,-2.14451e-13,
FACOAL240p,0,0,
FACOAL260p,0,0,
FACOAL80p,0,-1.88661e-12,
FADFMNtm,0,0,
FALDH,0,0,
FAO141p_even,0,0,
FAO141p_odd,0,0,
FAO161p_even,0,1.21616e-12,
FAO161p_odd,0,0,
FAO181p_even,0,0,
FAO181p_odd,0,0,
FAO182p_eveneven,0,-6.08081e-13,
FAO182p_evenodd,0,0,
FAO182p_oddodd,0,0,
FAO240p,0,0,
FAO80p,0,-1.95952e-12,
FAS100,0,0,
FAS100ACPm,0,0,
FAS100COA,0.0168,0.0168,
FAS120,0,0,
FAS120ACPm,0,0,
FAS120COA,0.016464,0.016464,
FAS140,0,0,
FAS140ACPm,0,0,
FAS140COA,0.015456,0.015456,
FAS141ACPm,0,0,
FAS160,0.013776,0.013776,
FAS160ACPm,0,0,
FAS160COA,0,0,
FAS161ACPm,0,0,
FAS180,0.006384,0.006384,
FAS180ACPm,0,0,
FAS180COA,0,0,
FAS181ACPm,0,0,
FAS182ACPm,0,0,
FAS240_L,0,0,
FAS260,0,0,
FAS80ACPm_L,0,0,
FAS80COA_L,0.0168,0.0168,
FAS80_L,0,0,
FBA,0,11.6189,
FBA2,0,7.36095e-13,
FBA3,2.24114,2.24114,
FBP,0,0,
FBP26,0,0,
FCLTm,0,0,
FDH,0,0,
FDNG,4.53059,0,
FKYNH,0,0,
FMETTRSm,0,0,
FMNAT,0,0,
FMNATm,0,0,
FOLD3m,0,0,
FORt,0,0,
FORtm,0,0,
FRDcm,1000,1000,
FRDm,1000,1000,
FRUK,0,0,
FRUt2,0,0,
FTHFCL,0,0,
FTHFCLm,0,0,
FTHFI,0,0,
FTHFL,-4.52993,0.00066,
FTHFLm,0,0,
FUM,-29.1792,-29.1792,
FUMAC,0,0,
FUMm,29.2917,29.2584,
FUMt2r,0,0,
G12MT1g,0,0,
G12MT2g,0,0,
G13MTg,0,0,
G16MTg,0,0,
G3PD1ir,0.00741,0.907698,
G3PD1irm,0,0,
G3PDm,0,0,
G3PT,0,0.900288,
G5SADr,0.04941,0.04941,
G5SADrm,0,0,
G5SD,0,0,
G5SD2,0.04941,0.04941,
G6PDA,0,0,
G6PDH2,0,0,
G6PDH2er,0.00087,0.00087,
G6PI,-3.08251,-3.08251,
G6PI2,0,0,
G6Pter,0.00087,0.00087,
GALIGH,0,0,
GALK,0,0,
GALS3,0,0,
GALT,1000,1000,
GALU,-999.497,-999.497,
GALt2,0,0,
GAM6Pt,0,0,
GAPD,4.40049,26.738,
GARFTi,0.0294,0.0294,
GAT1_SC,0.00741,0.00741,
GAT2_SC,0,0,
GBEZ,0.15555,0.15555,
GCALDt,0,0,
GCALDtm,0,0,
GCC2am,0,0,
GCC2bim,0,0,
GCC2cm,6.1056e-05,0,
GCCam,0,0,
GCCbim,0,0,
GCCcm,0,0,
GDPt3g,0,0,
GDPtn,0,0,
GF6PTA,0,0,
GGLGH,0,0,
GHMT2r,-995.369,-997.684,
GHMT2rm,997.801,997.801,
GK1,1000,1000,
GK2,-999.999,-999.999,
GLCP,0,0,
GLCS2,0,0,
GLCt1,3.08251,14.7014,
GLCtv,0,0,
GLNS,0.24525,1.80283,
GLNTRS,0,0,
GLNt2n,0,0,
GLNt2r,0,0,
GLPT,0,0,
GLU5K,0.04941,0.04941,
GLUCYS,0,0,
GLUDC,0,0,
GLUDxi,0,0,
GLUDy,-3.67556,0.064812,
GLUK,3.08251,3.08251,
GLUN,0,0,
GLUPRT,0.0294,0.0294,
GLUSx,0,1.55758,
GLUTRS,0,0,
GLUTRSm,0,0,
GLUt2m,-0.17157,-0.17157,
GLUt2n,0,0,
GLUt2r,0,0,
GLUt5m,0,0,
GLXtp,0,0,
GLYC3Ptm,0,0,
GLYCLm,2.19938,0,
GLYCt,0,0.900288,
GLYGS,0.15555,0.15555,
GLYK,0,0,
GLYOX,0,0,
GLYOXm,0,0,
GLYTRS,0,0,
GLYt2m,-995.601,-997.801,
GLYt2r,0,0,
GMPS2,0.01452,0.01452,
GND,0.00087,0.00087,
GNNUC,0,0,
GRTT,0.00132,0.00132,
GSNK,0,0,
GSNt2,0,0,
GSNt2m,1.40979e-13,1.40979e-13,
GTHO,0,0,
GTHOXti,0,0,
GTHP,0,0,
GTHS,0,0,
GTMLT,0,0,
GTPCI,0,0,
GTPCII,0,0,
GUAPRT,0,0,
GUAt2r,0,0,
GUAtm,-1.37496e-13,-1.37496e-13,
H2Ot,-11.2933,-3.44894,
H2Oter,-0.00066,-0.00066,
H2Otm,-1000,-968.346,
H2Otn,0.03318,0.03318,
H2Otp,0,-1.29644e-12,
H2Otv,0,0,
HACD10p,-1.14208e-13,-1.14208e-13,
HACD4p,0,-1.14208e-13,
HACD5p,0,2.16996e-12,
HACD6p,0,-4.33992e-12,
HACD7p,-3.42625e-13,-1.14208e-13,
HACD8p,0,0,
HACDp,0,0,
HACNHm,0.08586,0.08586,
HBZOPT6,0,0,
HBZOPT6m,0,0,
HCITSm,0.08586,0.08586,
HCITSn,0,0,
HCO3E,0.67446,1.34112,
HCO3Em,0,0,
HCO3En,0,0,
HCYSMT,0,0,
HCYSt2p,0,0,
HDCAt,0,0,
HDCEAt,0,0,
HETZK,0,0,
HEX1,0,11.6189,
HEX4,0,0,
HEX7,0,0,
HGNTOR,0,0,
HICITDm,0.08586,0.08586,
HISTD,0.01989,0.01989,
HISTP,0.01989,0.01989,
HISTRS,0,0,
HISTRSm,0,0,
HISt2m,0,0,
HISt2r,0,0,
HKYNH,0,0,
HMBS,0,0,
HMGCOAR,-0.00396,-0.00396,
HMGCOAS,-0.00396,-0.00396,
HMGCOASm,0,3.11101e-13,
HMGCOAtm,0,2.86989e-13,
HMPK1,0,0,
HPPKm,0,0,
HPROa,0,0,
HPROb,0,0,
HPROxm,0,0,
HPROym,0,0,
HSDxi,0.01521,0.14703,
HSDyi,0,0,
HSERTA,0.01521,0.0318,
HSK,0,0.11523,
HSTPT,0.01989,0.01989,
HXANt2r,0,0,
HXPRT,0,0,
HYPOE,0,0,
ICDHxm,0.0303011,0.03024,
ICDHy,0,0,
ICDHym,0.2754,0.2754,
ICDHyp,0,0,
ICL,0,0,
ID3ACALDtm,0,0,
IG3PS,0.01989,0.01989,
IGPDH,0.01989,0.01989,
IGPS,0.00852,0.00852,
ILETA,-0.05781,-0.05781,
ILETAm,0,0,
ILETRS,0,0,
ILETRSm,0,0,
ILEt2r,0,0,
IMPC,-0.04929,-0.04929,
IMPD,0.01452,0.01452,
IND3ACtm,0,0,
INDPYRD,0,0,
INSK,0,0,
INSTt2,0,0,
INSt2,0,0,
IPCS124_SC,0,0,
IPCS126_SC,0,0,
IPCS224_SC,0,0,
IPCS226_SC,0,0,
IPCS324_SC,0,0,
IPCS326_SC,0,0,
IPDDI,0.00132,0.00132,
IPMD,0.08892,0.08892,
IPPMIa,-0.08892,-0.08892,
IPPMIb,-0.08892,-0.08892,
IPPS,0.08892,0.08892,
IPPSm,0,0,
ITCOALm,0,0,
KARA1im,0.1683,0.1683,
KARA2im,0.05781,0.05781,
KATp,0,0,
KYN,0,0,
KYN3OX,0,0,
Kt2r,0,0,
LCADm,0,0,
LEUTA,-0.08892,-0.08892,
LEUTAm,0,0,
LEUTRS,0,0,
LEUTRSm,0,0,
LEUt2r,0,0,
LGTHL,0,0,
LNS14DM,0.00066,0.00066,
LNSTLS,0.00066,0.00066,
LPP_SC,0,0,
LYSTRS,0,0,
LYSTRSm,0,0,
LYSt2m,0,0,
LYSt2r,0,0,
L_LACDm,0,0,
L_LACt2r,0,0,
M1PD,0,0,
MACACI,0,0,
MALOAAtp,0,-1.47233e-13,
MALSp,0,0,
MALT,0,0,
MALTt2,0,0,
MALt2r,0,0,
MALtm,-0.53847,-0.03681,
MAN1PT,0.24237,0.24237,
MAN6PI,-0.24237,-0.24237,
MANNANter,-0.24237,-0.24237,
MANt2,0,0,
MCITDm,0.08586,0.08586,
MCITLm,0,0,
MCITS,0,0,
MCOATA,0,0,
MCOATAm,0,0,
MDH,0.73014,0.1953,
MDHm,-0.617699,-0.61776,
MDHp,-6.84731e-13,-5.70609e-13,
ME1m,0,0.50166,
ME2m,0,0,
MELIBt2,0,0,
MELTGH,0,0,
METAT,0.00561,0.00561,
METB1,0,0,
METS,0.02082,0.03741,
METTRS,0,0,
METTRSm,0,0,
METt2m,0,0,
METt2r,0,-0.01659,
MEVK1,0.00396,0.00396,
MEVK2,0,0,
MEVK3,0,0,
MEVK4,0,0,
MFAPS_SC,0.0018,0.0018,
MHPGLUT,0,0,
MI1PP,0.00159,0.00159,
MI1PS,0.00159,0.00159,
MIP2CS124_SC,0,0,
MIP2CS126_SC,0,0,
MIP2CS224_SC,0,0,
MIP2CS226_SC,0,0,
MIP2CS324_SC,0,0,
MIP2CS326_SC,0,0,
MIPCS124_SC,0,0,
MIPCS126_SC,0,0,
MIPCS224_SC,0,0,
MIPCS226_SC,0,0,
MIPCS324_SC,0,0,
MIPCS326_SC,0,0,
MLTHFtm,-1000,-997.801,
MMETt2,0,0,
MOHMT,0,0,
MTHFC,4.60862,0.07803,
MTHFCm,0,0,
MTHFD,3.60358,0.07803,
MTHFD2,1.00504,0,
MTHFDm,1.59152e-13,1.59152e-13,
MTHFR3,0.02082,0.03741,
NABTNO,0,0,
NADDPp,0,0,
NADH2_u6cm,8.70909,0,
NADH2_u6m,1.69791,0,
NADK,0,0,
NADKm,0,0,
NADN,0,0,
NADNm,0,0,
NADPPPS,0,0,
NADPPPSm,0,0,
NADS1,0,0,
NADS1m,0,0,
NAPRT,0,0,
NAPRTm,0,0,
NAt3_1,0,0,
NDP3,0,0,
NDP3g,0,0,
NDP4,0,0,
NDPK1,1000,1000,
NDPK2,0.51642,0.51642,
NDPK3,-0.00816,-0.00816,
NDPK4,0,0,
NDPK5,0,-1.41837e-13,
NDPK6,-999.998,-999.998,
NDPK7,999.998,999.998,
NDPK8,-999.999,-999.999,
NDPK9,-1000,-1000,
NH4t,1.67775,1.69434,
NH4tm,-2.25719,-0.05781,
NH4tp,0,0,
NMNAT,0,0,
NMNATm,0,0,
NMNTP,0,0,
NMNt2m,0,0,
NMNt2p,0,0,
NNAMr,0,0,
NNAMrm,-1.43371e-13,-1.43371e-13,
NNAT,0,0,
NNATm,0,0,
NNDPR,0,0,
NNDPRm,0,0,
NTD1,0,0,
NTD10,0,0,
NTD11,0,0,
NTD2,0,0,
NTD3,0,0,
NTD4,0,0,
NTD5,0,0,
NTD6,0,0,
NTD7,0,0,
NTD8,0,0,
NTD9,0,0,
NTP3,0,0,
NTP4,0,0,
NTRLASE,0,0,
NTRLASE2,0,0,
NTRLASE3,0,0,
O2t,7.50214,0.016722,
O2ter,0.00066,0.00066,
O2tm,7.48542,-8.18467e-13,
OAAt2m,-998.664,-998.664,
OCBTi,0.04821,0.04821,
OCDCAt,0,0,
OCDCEAt,0,0,
OCDCYAt,0,0,
OCTDP_5tm,0,0,
OHPBAT,0,0,
OHPHM6n,0,0,
OMBZLM6m,0,0,
OMCDC,0.08892,0.08892,
OMCDCm,0,0,
OMMBLHX6m,0,0,
OMPDC,0.03318,0.03318,
OMPHHX6m,0,0,
OPHBDC6,0,0,
OPHHX6,0,0,
ORNDC,0,0,
ORNTA,0,0,
ORNTACim,0.04821,0.04821,
ORNt2r,0,0,
ORNt3m,0.04821,0.04821,
ORPT,-0.03318,-0.03318,
OXAGm,0.08586,0.08586,
OXO2Ctm,0,0,
P5CDm,0,0,
P5CR,0.04941,0.04941,
PAK_SC,0,0,
PAN4Ptm,0,0,
PANTS,0,0,
PANTtm,2.89411e-13,0,
PAPSR,0.01719,0.03378,
PAPt,0,0,
PAPtm,0,0,
PAtm_SC,0,0,
PC,0.47379,1.14045,
PCLAD,0,0,
PDE1,0,0,
PDE2,0,0,
PDE3,0,0,
PDE4,0,0,
PDE5,0,0,
PDHcm,0,0,
PDHm,0,0,
PDX5PO,0,0,
PEPAT,0,0,
PEPDt3,0,0,
PETHCT,0,0,
PETOHM_SC,0.0018,0.0018,
PEtg_SC,0,0,
PEtm_SC,-3.15e-05,-3.15e-05,
PEtv_SC,0,0,
PFK,0,11.6189,
PFK26,0,0,
PFK_2,0,0,
PFK_3,2.24114,2.24114,
PGAMT,0,0,
PGCD,2.50091,0.1863,
PGI,2.57002,14.1889,
PGK,-4.40049,-26.738,
PGL,0.00087,0.00087,
PGM,-1.89957,-26.5517,
PGMT,-0.50301,-0.50301,
PGPPAm_SC,0,0,
PHCDm,1000,1000,
PHCHGSm,-1000,-1000,
PHETA1,-0.04017,-0.04017,
PHETRS,0,0,
PHETRSm,0,0,
PHEt2m,0,0,
PHEt2r,0,0,
PI3P4K_SC,0,0,
PI45BPP_SC,0,0,
PI4P5K_SC,0,0,
PIN3K_SC,0,0,
PIN4K_SC,0,0,
PIN4Kn_SC,0,0,
PINOS_SC,0.00159,0.00159,
PIt2m,16.0991,-0.1161,
PIt2n,-0.03318,-0.03318,
PIt2p,0,1.53104e-12,
PIt2r,0.05931,0.05931,
PIt2v,0,0,
PIt5m,0,0,
PMANM,-0.24237,-0.24237,
PMDPHT,0,0,
PMETM_SC,0.0018,0.0018,
PMEVK,0.00396,0.00396,
PMPK,0,0,
PNTK,0,0,
PNTOt2,0,0,
POLYAO,0,0,
POLYAO2,0,0,
PPA,1.05018,1.05018,
PPAm,0,0,
PPBNGS,0,0,
PPCDC,0,0,
PPCK,0,0,
PPM,1.17787e-12,1.17787e-12,
PPNCL2,0,0,
PPND,0,0,
PPND2,0.0306,0.0306,
PPNDH,0.04017,0.04017,
PPPG9tm,0,0,
PPPGOm,0,0,
PRAGSr,0.0294,0.0294,
PRAIS,0.0294,0.0294,
PRAIi,0.00852,0.00852,
PRAMPC,0.01989,0.01989,
PRASCS,0.0294,0.0294,
PRATPP,0.01989,0.01989,
PRFGS,0.0294,0.0294,
PRMICIi,0.01989,0.01989,
PRO1xm,0,0,
PROTRS,0,0,
PROt2r,0,0,
PROtm,0,0,
PRPPS,0.09099,0.09099,
PRPPtm,0,0,
PSCVTi,0.07929,0.07929,
PSERDg_SC,0,0,
PSERDm_SC,0.00315,0.00315,
PSERDv_SC,0,0,
PSERS_SC,0.00366,0.00366,
PSERSm_SC,1.60261e-13,1.60261e-13,
PSERT,2.50091,0.1863,
PSPHPL,0,0,
PSPHS,0,0,
PSP_L,2.50091,0.1863,
PStg_SC,0,0,
PStm_SC,3.15e-05,3.15e-05,
PStv_SC,0,0,
PTD1INOtn_SC,0,0,
PTD4INOtn_SC,0,0,
PTPATi,0,0,
PTPATim,0,0,
PTRCt2,0,0,
PUNP1,0,1.41149e-13,
PUNP1m,0,0,
PUNP2,0,-1.41149e-13,
PUNP3,0,0,
PUNP3m,0,0,
PUNP4,0,0,
PUNP5,1.435e-13,1.435e-13,
PUNP6,0,0,
PUNP7,0,0,
PYAM5PO,0,0,
PYDAMK,0,0,
PYDXK,0,0,
PYDXNK,0,0,
PYDXNO,1.56762e-13,0,
PYDXO,-1.61711e-13,0,
PYK,1.74099,26.3932,
PYNP2r,2.83279e-13,2.83279e-13,
PYR5CDm,0,0,
PYRDC,0.743671,25.2308,
PYRt2,0,0,
PYRt2m,0.39441,-0.10725,
PYRt2p,0,0,
QULNS,0,0,
QULNtm,0,0,
RAFGH,0,0,
RBFK,0,0,
RBFKm,0,0,
RBFSa,0,0,
RBFSb,0,0,
RBK,0,0,
RIBFLVt2,0,0,
RIBFLVtm,0,0,
RIBt2,0,0,
RNDR1,0.00108,0.00108,
RNDR1n,0,0,
RNDR2,0.00072,0.00072,
RNDR2n,0,0,
RNDR3,0,0,
RNDR3n,0,0,
RNDR4,0.0018,0.0018,
RNDR4n,0,0,
RNTR1,0,0,
RNTR2,0,0,
RNTR3,0,0,
RNTR4,0,0,
RPE,-0.08651,-0.08651,
RPI,-0.08738,-0.08738,
SACCD1,0.08586,0.08586,
SACCD2,0.08586,0.08586,
SADT,0,0,
SAM24MT,0,0,
SBPP1,0,0,
SBPP2,0,0,
SBTD_D2,0,0,
SBTD_L,0,0,
SBTR,0,0,
SBT_Dt,0,0,
SBT_Lt,-1.44705e-13,0,
SERATi,0.00198,0.00198,
SERD_L,0,0,
SERPT,0,0,
SERTRS,0,0,
SERt2m,997.801,997.801,
SERt2r,0,0,
SFGTH,0,0,
SHK3D,0.07929,0.07929,
SHKK,0.07929,0.07929,
SHSL1,0,0,
SHSL4r,-2.84685e-13,-2.84685e-13,
SLCBK1,0,0,
SLCBK2,0,0,
SLFAT,0.01719,0.03378,
SO4ti,0.02319,0.03978,
SPHPL,0,0,
SPMDAT1,0,0,
SPMDt2,0,0,
SPMS,0,0,
SPRMS,0,0,
SPRMti,0,0,
SQ23EPXter,0.00066,0.00066,
SQLEr,0.00066,0.00066,
SQLS,0.00066,0.00066,
SQLter,0.00066,0.00066,
SRB_Lt,1.44705e-13,0,
SSALy,0,0,
SUCCt2r,0,-0.03318,
SUCCtm,0,0,
SUCD1m,1000,1000,
SUCD2_u6m,1000,999.967,
SUCD3_u6m,-1000,-1000,
SUCFUMtm,970.708,970.708,
SUCOASm,-6.1056e-05,0,
SUCRe,0,0,
SUCRt2,0,0,
SULR,-0.01719,-0.03378,
TALA,-2.24475,-2.24475,
THFATm,0,0,
THFGLUS,0,0,
THFtm,999.999,997.8,
THMDPe,0,0,
THMDt2,0,0,
THMP,0,0,
THMPe,0,0,
THMt2,0,0,
THRA,0.11523,0,
THRD_L,0,0,
THRD_Lm,0.05781,0.05781,
THRS,0,0.11523,
THRTRS,0,0,
THRTRSm,0,0,
THRt2m,0.05781,0.05781,
THRt2r,0,0,
THYMt3r,0,0,
THZPSN1_SC,0,0,
THZPSN2_SC,0,0,
TKT1,-0.00361,-0.00361,
TKT2,-0.0829,-0.0829,
TMDK1,0,0,
TMDPK,0,0,
TMDPP,0,0,
TMDPPK,0,0,
TMDS,0.00108,0.00108,
TMN,0,0,
TMPKr,0,0,
TMPPP,0,0,
TPI,2.23373,12.9524,
TRDR,0.02079,0.03738,
TRDRm,0,0,
TRE6PP,0.00702,0.00702,
TRE6PS,0.00702,0.00702,
TREH,0,0,
TREHv,0,0,
TREt2,0,0,
TREt2v,0,0,
TRIGS_SC,0.00198,0.00198,
TRPO2,0,0,
TRPS1,0.00852,0.00852,
TRPTRS,0,0,
TRPTRSm,0,0,
TRPt2m,0,0,
TRPt2r,0,0,
TTDCAt,0,0,
TYRTA,999.289,999.289,
TYRTAi,0,0,
TYRTAm,-999.32,-999.32,
TYRTAp,-1.30926e-13,-1.30926e-13,
TYRTRS,0,0,
TYRTRSm,0,0,
TYRt2m,-999.32,-999.32,
TYRt2p,-1.13323e-13,-1.13323e-13,
TYRt2r,0,0,
UDPACGLP,0,0,
UDPG4E,2.94439e-13,2.94439e-13,
UGLT,-1000,-1000,
UGLYCHr,1.39897e-13,1.39897e-13,
UMPK,0.01521,0.01521,
UMPKn,-3.33312e-13,-3.33312e-13,
UMPtn,-2.99701e-13,-2.99701e-13,
UPP3MT,0,0,
UPP3S,0,0,
UPPDC1,0,0,
UPPRT,0,0,
URAt2,0,0,
UREA2t2,0,-1.54535e-13,
UREASE,0,0,
URIDK2r,-1000,-1000,
URIDK2rn,3.39651e-13,3.39651e-13,
URIK1,0,0,
URIK2,0,0,
URIt2,0,0,
VALTA,-0.07938,-0.07938,
VALTRS,0,0,
VALTRSm,0,0,
VALt2m,0,0,
VALt2r,0,0,
XANt,0,0,
XPPT,0,0,
XTSNt2,0,0,
XYLK,0,0,
XYLR,0,0,
XYLTD_D,0,0,
XYLTt,0,0,
XYLt,0,0,
YUMPS,0,0,
ZYMSTt,0,0,
biomass_SC4_bal,0.3,0.3,
