gene,environment,energy,type,reaction,
YAL012W,EX_nh4(e),respiratory,zero flux,277,
YAL012W,EX_nh4(e),fermentative,at maximum,277,
YAL012W,EX_glc(e),respiratory,zero flux,277,
YAL012W,EX_glc(e),fermentative,zero flux,277,
YAR015W,EX_nh4(e),respiratory,constrained,1053,
YAR015W,EX_nh4(e),fermentative,constrained,1053,
YAR015W,EX_glc(e),respiratory,constrained,1053,
YAR015W,EX_glc(e),fermentative,constrained,1053,
YAR035W,EX_nh4(e),respiratory,zero flux,265,
YAR035W,EX_nh4(e),fermentative,zero flux,265,
YAR035W,EX_glc(e),respiratory,zero flux,265,
YAR035W,EX_glc(e),fermentative,variable,265,
YAR071W,EX_nh4(e),respiratory,zero flux,71,
YAR071W,EX_nh4(e),fermentative,zero flux,71,
YAR071W,EX_glc(e),respiratory,zero flux,71,
YAR071W,EX_glc(e),fermentative,zero flux,71,
YBL013W,EX_nh4(e),respiratory,zero flux,595,
YBL013W,EX_nh4(e),fermentative,zero flux,595,
YBL013W,EX_glc(e),respiratory,zero flux,595,
YBL013W,EX_glc(e),fermentative,zero flux,595,
YBL015W,EX_nh4(e),respiratory,variable,59,
YBL015W,EX_nh4(e),fermentative,variable,59,
YBL015W,EX_glc(e),respiratory,variable,59,
YBL015W,EX_glc(e),fermentative,variable,59,
YBL033C,EX_nh4(e),respiratory,zero flux,707,
YBL033C,EX_nh4(e),fermentative,zero flux,707,
YBL033C,EX_glc(e),respiratory,zero flux,707,
YBL033C,EX_glc(e),fermentative,zero flux,707,
YBL042C,EX_nh4(e),respiratory,zero flux,1250,
YBL042C,EX_nh4(e),fermentative,zero flux,1250,
YBL042C,EX_glc(e),respiratory,zero flux,1250,
YBL042C,EX_glc(e),fermentative,zero flux,1250,
YBL076C,EX_nh4(e),respiratory,zero flux,780,
YBL076C,EX_nh4(e),fermentative,zero flux,780,
YBL076C,EX_glc(e),respiratory,zero flux,780,
YBL076C,EX_glc(e),fermentative,zero flux,780,
YBL098W,EX_nh4(e),respiratory,zero flux,807,
YBL098W,EX_nh4(e),fermentative,zero flux,807,
YBL098W,EX_glc(e),respiratory,zero flux,807,
YBL098W,EX_glc(e),fermentative,zero flux,807,
YBR006W,EX_nh4(e),respiratory,zero flux,1165,
YBR006W,EX_nh4(e),fermentative,zero flux,1165,
YBR006W,EX_glc(e),respiratory,zero flux,1165,
YBR006W,EX_glc(e),fermentative,zero flux,1165,
YBR011C,EX_nh4(e),respiratory,variable,1037,
YBR011C,EX_nh4(e),fermentative,variable,1037,
YBR011C,EX_glc(e),respiratory,constrained,1037,
YBR011C,EX_glc(e),fermentative,constrained,1037,
YBR019C,EX_nh4(e),respiratory,constrained,1233,
YBR019C,EX_nh4(e),fermentative,constrained,1233,
YBR019C,EX_glc(e),respiratory,zero flux,1233,
YBR019C,EX_glc(e),fermentative,constrained,1233,
YBR020W,EX_nh4(e),respiratory,zero flux,633,
YBR020W,EX_nh4(e),fermentative,zero flux,633,
YBR020W,EX_glc(e),respiratory,zero flux,633,
YBR020W,EX_glc(e),fermentative,zero flux,633,
YBR021W,EX_nh4(e),respiratory,zero flux,1243,
YBR021W,EX_nh4(e),fermentative,zero flux,1243,
YBR021W,EX_glc(e),respiratory,zero flux,1243,
YBR021W,EX_glc(e),fermentative,zero flux,1243,
YBR034C,EX_nh4(e),respiratory,zero flux,168,
YBR034C,EX_nh4(e),fermentative,zero flux,168,
YBR034C,EX_glc(e),respiratory,zero flux,168,
YBR034C,EX_glc(e),fermentative,zero flux,168,
YBR132C,EX_nh4(e),respiratory,zero flux,261,
YBR132C,EX_nh4(e),fermentative,zero flux,261,
YBR132C,EX_glc(e),respiratory,zero flux,261,
YBR132C,EX_glc(e),fermentative,zero flux,261,
YBR166C,EX_nh4(e),respiratory,variable,1045,
YBR166C,EX_nh4(e),fermentative,variable,1045,
YBR166C,EX_glc(e),respiratory,variable,1045,
YBR166C,EX_glc(e),fermentative,variable,1045,
YBR176W,EX_nh4(e),respiratory,zero flux,878,
YBR176W,EX_nh4(e),fermentative,zero flux,878,
YBR176W,EX_glc(e),respiratory,zero flux,878,
YBR176W,EX_glc(e),fermentative,zero flux,878,
YBR248C,EX_nh4(e),respiratory,constrained,775,
YBR248C,EX_nh4(e),fermentative,constrained,775,
YBR248C,EX_glc(e),respiratory,constrained,775,
YBR248C,EX_glc(e),fermentative,constrained,775,
YBR252W,EX_nh4(e),respiratory,variable,360,
YBR252W,EX_nh4(e),fermentative,variable,360,
YBR252W,EX_glc(e),respiratory,zero flux,360,
YBR252W,EX_glc(e),fermentative,zero flux,360,
YBR256C,EX_nh4(e),respiratory,zero flux,1109,
YBR256C,EX_nh4(e),fermentative,zero flux,1109,
YBR256C,EX_glc(e),respiratory,zero flux,1109,
YBR256C,EX_glc(e),fermentative,zero flux,1109,
YBR263W,EX_nh4(e),respiratory,variable,657,
YBR263W,EX_nh4(e),fermentative,variable,657,
YBR263W,EX_glc(e),respiratory,variable,657,
YBR263W,EX_glc(e),fermentative,variable,657,
YBR265W,EX_nh4(e),respiratory,zero flux,16,
YBR265W,EX_nh4(e),fermentative,zero flux,16,
YBR265W,EX_glc(e),respiratory,zero flux,16,
YBR265W,EX_glc(e),fermentative,zero flux,16,
YCL004W,EX_nh4(e),respiratory,constrained,222,
YCL004W,EX_nh4(e),fermentative,zero flux,222,
YCL004W,EX_glc(e),respiratory,constrained,222,
YCL004W,EX_glc(e),fermentative,zero flux,222,
YCL018W,EX_nh4(e),respiratory,constrained,797,
YCL018W,EX_nh4(e),fermentative,constrained,797,
YCL018W,EX_glc(e),respiratory,constrained,797,
YCL018W,EX_glc(e),fermentative,constrained,797,
YCR005C,EX_nh4(e),respiratory,zero flux,271,
YCR005C,EX_nh4(e),fermentative,constrained,271,
YCR005C,EX_glc(e),respiratory,constrained,271,
YCR005C,EX_glc(e),fermentative,zero flux,271,
YCR012W,EX_nh4(e),respiratory,variable,1003,
YCR012W,EX_nh4(e),fermentative,variable,1003,
YCR012W,EX_glc(e),respiratory,variable,1003,
YCR012W,EX_glc(e),fermentative,variable,1003,
YCR024C,EX_nh4(e),respiratory,zero flux,174,
YCR024C,EX_nh4(e),fermentative,zero flux,174,
YCR024C,EX_glc(e),respiratory,zero flux,174,
YCR024C,EX_glc(e),fermentative,zero flux,174,
YCR028C,EX_nh4(e),respiratory,zero flux,1034,
YCR028C,EX_nh4(e),fermentative,variable,1034,
YCR028C,EX_glc(e),respiratory,zero flux,1034,
YCR028C,EX_glc(e),fermentative,zero flux,1034,
YCR032W,EX_nh4(e),respiratory,variable,78,
YCR032W,EX_nh4(e),fermentative,variable,78,
YCR032W,EX_glc(e),respiratory,zero flux,78,
YCR032W,EX_glc(e),fermentative,zero flux,78,
YDL022W,EX_nh4(e),respiratory,variable,618,
YDL022W,EX_nh4(e),fermentative,variable,618,
YDL022W,EX_glc(e),respiratory,variable,618,
YDL022W,EX_glc(e),fermentative,variable,618,
YDL045C,EX_nh4(e),respiratory,zero flux,596,
YDL045C,EX_nh4(e),fermentative,zero flux,596,
YDL045C,EX_glc(e),respiratory,zero flux,596,
YDL045C,EX_glc(e),fermentative,zero flux,596,
YDL052C,EX_nh4(e),respiratory,constrained,104,
YDL052C,EX_nh4(e),fermentative,constrained,104,
YDL052C,EX_glc(e),respiratory,constrained,104,
YDL052C,EX_glc(e),fermentative,constrained,104,
YDL055C,EX_nh4(e),respiratory,constrained,833,
YDL055C,EX_nh4(e),fermentative,constrained,833,
YDL055C,EX_glc(e),respiratory,constrained,833,
YDL055C,EX_glc(e),fermentative,constrained,833,
YDL066W,EX_nh4(e),respiratory,zero flux,771,
YDL066W,EX_nh4(e),fermentative,constrained,771,
YDL066W,EX_glc(e),respiratory,variable,771,
YDL066W,EX_glc(e),fermentative,variable,771,
YDL078C,EX_nh4(e),respiratory,constrained,844,
YDL078C,EX_nh4(e),fermentative,constrained,844,
YDL078C,EX_glc(e),respiratory,constrained,844,
YDL078C,EX_glc(e),fermentative,constrained,844,
YDL100C,EX_nh4(e),respiratory,zero flux,341,
YDL100C,EX_nh4(e),fermentative,zero flux,341,
YDL100C,EX_glc(e),respiratory,zero flux,341,
YDL100C,EX_glc(e),fermentative,zero flux,341,
YDL103C,EX_nh4(e),respiratory,zero flux,1232,
YDL103C,EX_nh4(e),fermentative,zero flux,1232,
YDL103C,EX_glc(e),respiratory,zero flux,1232,
YDL103C,EX_glc(e),fermentative,zero flux,1232,
YDL142C,EX_nh4(e),respiratory,zero flux,249,
YDL142C,EX_nh4(e),fermentative,zero flux,249,
YDL142C,EX_glc(e),respiratory,zero flux,249,
YDL142C,EX_glc(e),fermentative,zero flux,249,
YDL171C,EX_nh4(e),respiratory,zero flux,677,
YDL171C,EX_nh4(e),fermentative,zero flux,677,
YDL171C,EX_glc(e),respiratory,zero flux,677,
YDL171C,EX_glc(e),fermentative,variable,677,
YDL174C,EX_nh4(e),respiratory,zero flux,362,
YDL174C,EX_nh4(e),fermentative,zero flux,362,
YDL174C,EX_glc(e),respiratory,zero flux,362,
YDL174C,EX_glc(e),fermentative,zero flux,362,
YDL205C,EX_nh4(e),respiratory,zero flux,750,
YDL205C,EX_nh4(e),fermentative,zero flux,750,
YDL205C,EX_glc(e),respiratory,zero flux,750,
YDL205C,EX_glc(e),fermentative,zero flux,750,
YDL215C,EX_nh4(e),respiratory,zero flux,672,
YDL215C,EX_nh4(e),fermentative,zero flux,672,
YDL215C,EX_glc(e),respiratory,variable,672,
YDL215C,EX_glc(e),fermentative,zero flux,672,
YDR007W,EX_nh4(e),respiratory,constrained,1051,
YDR007W,EX_nh4(e),fermentative,constrained,1051,
YDR007W,EX_glc(e),respiratory,constrained,1051,
YDR007W,EX_glc(e),fermentative,constrained,1051,
YDR037W,EX_nh4(e),respiratory,zero flux,819,
YDR037W,EX_nh4(e),fermentative,zero flux,819,
YDR037W,EX_glc(e),respiratory,zero flux,819,
YDR037W,EX_glc(e),fermentative,zero flux,819,
YDR044W,EX_nh4(e),respiratory,zero flux,258,
YDR044W,EX_nh4(e),fermentative,zero flux,258,
YDR044W,EX_glc(e),respiratory,zero flux,258,
YDR044W,EX_glc(e),fermentative,zero flux,258,
YDR047W,EX_nh4(e),respiratory,zero flux,1241,
YDR047W,EX_nh4(e),fermentative,zero flux,1241,
YDR047W,EX_glc(e),respiratory,zero flux,1241,
YDR047W,EX_glc(e),fermentative,zero flux,1241,
YDR050C,EX_nh4(e),respiratory,variable,1206,
YDR050C,EX_nh4(e),fermentative,variable,1206,
YDR050C,EX_glc(e),respiratory,variable,1206,
YDR050C,EX_glc(e),fermentative,variable,1206,
YDR111C,EX_nh4(e),respiratory,variable,122,
YDR111C,EX_nh4(e),fermentative,constrained,122,
YDR111C,EX_glc(e),respiratory,variable,122,
YDR111C,EX_glc(e),fermentative,constrained,122,
YDR147W,EX_nh4(e),respiratory,zero flux,381,
YDR147W,EX_nh4(e),fermentative,zero flux,381,
YDR147W,EX_glc(e),respiratory,zero flux,381,
YDR147W,EX_glc(e),fermentative,zero flux,381,
YDR158W,EX_nh4(e),respiratory,variable,169,
YDR158W,EX_nh4(e),fermentative,variable,169,
YDR158W,EX_glc(e),respiratory,variable,169,
YDR158W,EX_glc(e),fermentative,variable,169,
YDR232W,EX_nh4(e),respiratory,zero flux,121,
YDR232W,EX_nh4(e),fermentative,zero flux,121,
YDR232W,EX_glc(e),respiratory,zero flux,121,
YDR232W,EX_glc(e),fermentative,zero flux,121,
YDR234W,EX_nh4(e),respiratory,constrained,725,
YDR234W,EX_nh4(e),fermentative,variable,725,
YDR234W,EX_glc(e),respiratory,constrained,725,
YDR234W,EX_glc(e),fermentative,constrained,725,
YDR256C,EX_nh4(e),respiratory,constrained,217,
YDR256C,EX_nh4(e),fermentative,zero flux,217,
YDR256C,EX_glc(e),respiratory,zero flux,217,
YDR256C,EX_glc(e),fermentative,zero flux,217,
YDR268W,EX_nh4(e),respiratory,zero flux,1219,
YDR268W,EX_nh4(e),fermentative,zero flux,1219,
YDR268W,EX_glc(e),respiratory,zero flux,1219,
YDR268W,EX_glc(e),fermentative,zero flux,1219,
YDR272W,EX_nh4(e),respiratory,zero flux,690,
YDR272W,EX_nh4(e),fermentative,zero flux,690,
YDR272W,EX_glc(e),respiratory,zero flux,690,
YDR272W,EX_glc(e),fermentative,zero flux,690,
YDR300C,EX_nh4(e),respiratory,variable,669,
YDR300C,EX_nh4(e),fermentative,variable,669,
YDR300C,EX_glc(e),respiratory,variable,669,
YDR300C,EX_glc(e),fermentative,variable,669,
YDR305C,EX_nh4(e),respiratory,zero flux,153,
YDR305C,EX_nh4(e),fermentative,zero flux,153,
YDR305C,EX_glc(e),respiratory,zero flux,153,
YDR305C,EX_glc(e),fermentative,zero flux,153,
YDR321W,EX_nh4(e),respiratory,zero flux,170,
YDR321W,EX_nh4(e),fermentative,zero flux,170,
YDR321W,EX_glc(e),respiratory,zero flux,170,
YDR321W,EX_glc(e),fermentative,zero flux,170,
YDR341C,EX_nh4(e),respiratory,zero flux,164,
YDR341C,EX_nh4(e),fermentative,zero flux,164,
YDR341C,EX_glc(e),respiratory,zero flux,164,
YDR341C,EX_glc(e),fermentative,zero flux,164,
YDR353W,EX_nh4(e),respiratory,constrained,1207,
YDR353W,EX_nh4(e),fermentative,constrained,1207,
YDR353W,EX_glc(e),respiratory,constrained,1207,
YDR353W,EX_glc(e),fermentative,variable,1207,
YDR354W,EX_nh4(e),respiratory,constrained,151,
YDR354W,EX_nh4(e),fermentative,constrained,151,
YDR354W,EX_glc(e),respiratory,constrained,151,
YDR354W,EX_glc(e),fermentative,constrained,151,
YDR380W,EX_nh4(e),respiratory,zero flux,786,
YDR380W,EX_nh4(e),fermentative,zero flux,786,
YDR380W,EX_glc(e),respiratory,zero flux,786,
YDR380W,EX_glc(e),fermentative,zero flux,786,
YDR408C,EX_nh4(e),respiratory,constrained,640,
YDR408C,EX_nh4(e),fermentative,constrained,640,
YDR408C,EX_glc(e),respiratory,constrained,640,
YDR408C,EX_glc(e),fermentative,constrained,640,
YDR481C,EX_nh4(e),respiratory,zero flux,120,
YDR481C,EX_nh4(e),fermentative,zero flux,120,
YDR481C,EX_glc(e),respiratory,zero flux,120,
YDR481C,EX_glc(e),fermentative,zero flux,120,
YDR530C,EX_nh4(e),respiratory,zero flux,191,
YDR530C,EX_nh4(e),fermentative,zero flux,191,
YDR530C,EX_glc(e),respiratory,zero flux,191,
YDR530C,EX_glc(e),fermentative,zero flux,191,
YDR531W,EX_nh4(e),respiratory,zero flux,1033,
YDR531W,EX_nh4(e),fermentative,zero flux,1033,
YDR531W,EX_glc(e),respiratory,zero flux,1033,
YDR531W,EX_glc(e),fermentative,zero flux,1033,
YDR538W,EX_nh4(e),respiratory,zero flux,959,
YDR538W,EX_nh4(e),fermentative,zero flux,959,
YDR538W,EX_glc(e),respiratory,zero flux,959,
YDR538W,EX_glc(e),fermentative,zero flux,959,
YEL011W,EX_nh4(e),respiratory,variable,643,
YEL011W,EX_nh4(e),fermentative,variable,643,
YEL011W,EX_glc(e),respiratory,variable,643,
YEL011W,EX_glc(e),fermentative,variable,643,
YEL021W,EX_nh4(e),respiratory,constrained,957,
YEL021W,EX_nh4(e),fermentative,constrained,957,
YEL021W,EX_glc(e),respiratory,constrained,957,
YEL021W,EX_glc(e),fermentative,constrained,957,
YEL042W,EX_nh4(e),respiratory,zero flux,901,
YEL042W,EX_nh4(e),fermentative,zero flux,901,
YEL042W,EX_glc(e),respiratory,zero flux,901,
YEL042W,EX_glc(e),fermentative,zero flux,901,
YEL046C,EX_nh4(e),respiratory,zero flux,1185,
YEL046C,EX_nh4(e),fermentative,variable,1185,
YEL046C,EX_glc(e),respiratory,variable,1185,
YEL046C,EX_glc(e),fermentative,zero flux,1185,
YEL047C,EX_nh4(e),respiratory,zero flux,601,
YEL047C,EX_nh4(e),fermentative,at maximum,601,
YEL047C,EX_glc(e),respiratory,zero flux,601,
YEL047C,EX_glc(e),fermentative,at maximum,601,
YER003C,EX_nh4(e),respiratory,constrained,834,
YER003C,EX_nh4(e),fermentative,constrained,834,
YER003C,EX_glc(e),respiratory,constrained,834,
YER003C,EX_glc(e),fermentative,constrained,834,
YER014W,EX_nh4(e),respiratory,zero flux,1048,
YER014W,EX_nh4(e),fermentative,zero flux,1048,
YER014W,EX_glc(e),respiratory,zero flux,1048,
YER014W,EX_glc(e),fermentative,zero flux,1048,
YER043C,EX_nh4(e),respiratory,constrained,109,
YER043C,EX_nh4(e),fermentative,constrained,109,
YER043C,EX_glc(e),respiratory,constrained,109,
YER043C,EX_glc(e),fermentative,constrained,109,
YER052C,EX_nh4(e),respiratory,variable,180,
YER052C,EX_nh4(e),fermentative,variable,180,
YER052C,EX_glc(e),respiratory,variable,180,
YER052C,EX_glc(e),fermentative,variable,180,
YER053C,EX_nh4(e),respiratory,zero flux,1027,
YER053C,EX_nh4(e),fermentative,zero flux,1027,
YER053C,EX_glc(e),respiratory,zero flux,1027,
YER053C,EX_glc(e),fermentative,zero flux,1027,
YER055C,EX_nh4(e),respiratory,constrained,195,
YER055C,EX_nh4(e),fermentative,constrained,195,
YER055C,EX_glc(e),respiratory,constrained,195,
YER055C,EX_glc(e),fermentative,constrained,195,
YER065C,EX_nh4(e),respiratory,zero flux,773,
YER065C,EX_nh4(e),fermentative,zero flux,773,
YER065C,EX_glc(e),respiratory,zero flux,773,
YER065C,EX_glc(e),fermentative,zero flux,773,
YER086W,EX_nh4(e),respiratory,constrained,1187,
YER086W,EX_nh4(e),fermentative,constrained,1187,
YER086W,EX_glc(e),respiratory,constrained,1187,
YER086W,EX_glc(e),fermentative,constrained,1187,
YER183C,EX_nh4(e),respiratory,zero flux,605,
YER183C,EX_nh4(e),fermentative,zero flux,605,
YER183C,EX_glc(e),respiratory,zero flux,605,
YER183C,EX_glc(e),fermentative,zero flux,605,
YFL017C,EX_nh4(e),respiratory,zero flux,53,
YFL017C,EX_nh4(e),fermentative,constrained,53,
YFL017C,EX_glc(e),respiratory,zero flux,53,
YFL017C,EX_glc(e),fermentative,constrained,53,
YFL030W,EX_nh4(e),respiratory,constrained,106,
YFL030W,EX_nh4(e),fermentative,constrained,106,
YFL030W,EX_glc(e),respiratory,variable,106,
YFL030W,EX_glc(e),fermentative,constrained,106,
YFL045C,EX_nh4(e),respiratory,constrained,1028,
YFL045C,EX_nh4(e),fermentative,constrained,1028,
YFL045C,EX_glc(e),respiratory,constrained,1028,
YFL045C,EX_glc(e),fermentative,constrained,1028,
YFR025C,EX_nh4(e),respiratory,constrained,744,
YFR025C,EX_nh4(e),fermentative,constrained,744,
YFR025C,EX_glc(e),respiratory,constrained,744,
YFR025C,EX_glc(e),fermentative,constrained,744,
YFR055W,EX_nh4(e),respiratory,constrained,278,
YFR055W,EX_nh4(e),fermentative,zero flux,278,
YFR055W,EX_glc(e),respiratory,zero flux,278,
YFR055W,EX_glc(e),fermentative,zero flux,278,
YGL012W,EX_nh4(e),respiratory,constrained,207,
YGL012W,EX_nh4(e),fermentative,constrained,207,
YGL012W,EX_glc(e),respiratory,constrained,207,
YGL012W,EX_glc(e),fermentative,constrained,207,
YGL026C,EX_nh4(e),respiratory,constrained,1217,
YGL026C,EX_nh4(e),fermentative,constrained,1217,
YGL026C,EX_glc(e),respiratory,constrained,1217,
YGL026C,EX_glc(e),fermentative,constrained,1217,
YGL040C,EX_nh4(e),respiratory,zero flux,1039,
YGL040C,EX_nh4(e),fermentative,zero flux,1039,
YGL040C,EX_glc(e),respiratory,zero flux,1039,
YGL040C,EX_glc(e),fermentative,zero flux,1039,
YGL067W,EX_nh4(e),respiratory,zero flux,886,
YGL067W,EX_nh4(e),fermentative,zero flux,886,
YGL067W,EX_glc(e),respiratory,zero flux,886,
YGL067W,EX_glc(e),fermentative,zero flux,886,
YGL077C,EX_nh4(e),respiratory,zero flux,236,
YGL077C,EX_nh4(e),fermentative,zero flux,236,
YGL077C,EX_glc(e),respiratory,zero flux,236,
YGL077C,EX_glc(e),fermentative,zero flux,236,
YGL148W,EX_nh4(e),respiratory,constrained,239,
YGL148W,EX_nh4(e),fermentative,constrained,239,
YGL148W,EX_glc(e),respiratory,constrained,239,
YGL148W,EX_glc(e),fermentative,constrained,239,
YGL184C,EX_nh4(e),respiratory,constrained,279,
YGL184C,EX_nh4(e),fermentative,zero flux,279,
YGL184C,EX_glc(e),respiratory,zero flux,279,
YGL184C,EX_glc(e),fermentative,zero flux,279,
YGL245W,EX_nh4(e),respiratory,zero flux,678,
YGL245W,EX_nh4(e),fermentative,zero flux,678,
YGL245W,EX_glc(e),respiratory,zero flux,678,
YGL245W,EX_glc(e),fermentative,zero flux,678,
YGR007W,EX_nh4(e),respiratory,zero flux,991,
YGR007W,EX_nh4(e),fermentative,zero flux,991,
YGR007W,EX_glc(e),respiratory,zero flux,991,
YGR007W,EX_glc(e),fermentative,zero flux,991,
YGR010W,EX_nh4(e),respiratory,zero flux,915,
YGR010W,EX_nh4(e),fermentative,zero flux,915,
YGR010W,EX_glc(e),respiratory,constrained,915,
YGR010W,EX_glc(e),fermentative,zero flux,915,
YGR012W,EX_nh4(e),respiratory,constrained,276,
YGR012W,EX_nh4(e),fermentative,constrained,276,
YGR012W,EX_glc(e),respiratory,constrained,276,
YGR012W,EX_glc(e),fermentative,constrained,276,
YGR019W,EX_nh4(e),respiratory,zero flux,39,
YGR019W,EX_nh4(e),fermentative,zero flux,39,
YGR019W,EX_glc(e),respiratory,zero flux,39,
YGR019W,EX_glc(e),fermentative,zero flux,39,
YGR061C,EX_nh4(e),respiratory,constrained,1055,
YGR061C,EX_nh4(e),fermentative,constrained,1055,
YGR061C,EX_glc(e),respiratory,constrained,1055,
YGR061C,EX_glc(e),fermentative,constrained,1055,
YGR088W,EX_nh4(e),respiratory,variable,216,
YGR088W,EX_nh4(e),fermentative,zero flux,216,
YGR088W,EX_glc(e),respiratory,zero flux,216,
YGR088W,EX_glc(e),fermentative,constrained,216,
YGR155W,EX_nh4(e),respiratory,zero flux,281,
YGR155W,EX_nh4(e),fermentative,zero flux,281,
YGR155W,EX_glc(e),respiratory,zero flux,281,
YGR155W,EX_glc(e),fermentative,zero flux,281,
YGR157W,EX_nh4(e),respiratory,constrained,992,
YGR157W,EX_nh4(e),fermentative,constrained,992,
YGR157W,EX_glc(e),respiratory,constrained,992,
YGR157W,EX_glc(e),fermentative,constrained,992,
YGR171C,EX_nh4(e),respiratory,zero flux,853,
YGR171C,EX_nh4(e),fermentative,zero flux,853,
YGR171C,EX_glc(e),respiratory,zero flux,853,
YGR171C,EX_glc(e),fermentative,zero flux,853,
YGR175C,EX_nh4(e),respiratory,variable,1161,
YGR175C,EX_nh4(e),fermentative,constrained,1161,
YGR175C,EX_glc(e),respiratory,constrained,1161,
YGR175C,EX_glc(e),fermentative,constrained,1161,
YGR185C,EX_nh4(e),respiratory,zero flux,1227,
YGR185C,EX_nh4(e),fermentative,zero flux,1227,
YGR185C,EX_glc(e),respiratory,zero flux,1227,
YGR185C,EX_glc(e),fermentative,zero flux,1227,
YGR194C,EX_nh4(e),respiratory,zero flux,1259,
YGR194C,EX_nh4(e),fermentative,zero flux,1259,
YGR194C,EX_glc(e),respiratory,zero flux,1259,
YGR194C,EX_glc(e),fermentative,zero flux,1259,
YGR202C,EX_nh4(e),respiratory,zero flux,234,
YGR202C,EX_nh4(e),fermentative,zero flux,234,
YGR202C,EX_glc(e),respiratory,zero flux,234,
YGR202C,EX_glc(e),fermentative,zero flux,234,
YGR208W,EX_nh4(e),respiratory,variable,1072,
YGR208W,EX_nh4(e),fermentative,variable,1072,
YGR208W,EX_glc(e),respiratory,variable,1072,
YGR208W,EX_glc(e),fermentative,variable,1072,
YGR255C,EX_nh4(e),respiratory,zero flux,956,
YGR255C,EX_nh4(e),fermentative,zero flux,956,
YGR255C,EX_glc(e),respiratory,zero flux,956,
YGR255C,EX_glc(e),fermentative,zero flux,956,
YGR264C,EX_nh4(e),respiratory,zero flux,852,
YGR264C,EX_nh4(e),fermentative,zero flux,852,
YGR264C,EX_glc(e),respiratory,zero flux,852,
YGR264C,EX_glc(e),fermentative,zero flux,852,
YGR267C,EX_nh4(e),respiratory,zero flux,708,
YGR267C,EX_nh4(e),fermentative,zero flux,708,
YGR267C,EX_glc(e),respiratory,zero flux,708,
YGR267C,EX_glc(e),fermentative,zero flux,708,
YGR282C,EX_nh4(e),respiratory,zero flux,1,
YGR282C,EX_nh4(e),fermentative,zero flux,1,
YGR282C,EX_glc(e),respiratory,zero flux,1,
YGR282C,EX_glc(e),fermentative,zero flux,1,
YGR286C,EX_nh4(e),respiratory,zero flux,204,
YGR286C,EX_nh4(e),fermentative,zero flux,204,
YGR286C,EX_glc(e),respiratory,zero flux,204,
YGR286C,EX_glc(e),fermentative,zero flux,204,
YHL016C,EX_nh4(e),respiratory,zero flux,1244,
YHL016C,EX_nh4(e),fermentative,zero flux,1244,
YHL016C,EX_glc(e),respiratory,constrained,1244,
YHL016C,EX_glc(e),fermentative,constrained,1244,
YHL032C,EX_nh4(e),respiratory,zero flux,689,
YHL032C,EX_nh4(e),fermentative,zero flux,689,
YHL032C,EX_glc(e),respiratory,zero flux,689,
YHL032C,EX_glc(e),fermentative,zero flux,689,
YHR007C,EX_nh4(e),respiratory,variable,816,
YHR007C,EX_nh4(e),fermentative,constrained,816,
YHR007C,EX_glc(e),respiratory,constrained,816,
YHR007C,EX_glc(e),fermentative,constrained,816,
YHR018C,EX_nh4(e),respiratory,constrained,162,
YHR018C,EX_nh4(e),fermentative,constrained,162,
YHR018C,EX_glc(e),respiratory,constrained,162,
YHR018C,EX_glc(e),fermentative,constrained,162,
YHR019C,EX_nh4(e),respiratory,zero flux,173,
YHR019C,EX_nh4(e),fermentative,zero flux,173,
YHR019C,EX_glc(e),respiratory,zero flux,173,
YHR019C,EX_glc(e),fermentative,zero flux,173,
YHR025W,EX_nh4(e),respiratory,variable,764,
YHR025W,EX_nh4(e),fermentative,zero flux,764,
YHR025W,EX_glc(e),respiratory,zero flux,764,
YHR025W,EX_glc(e),fermentative,variable,764,
YHR046C,EX_nh4(e),respiratory,constrained,862,
YHR046C,EX_nh4(e),fermentative,constrained,862,
YHR046C,EX_glc(e),respiratory,constrained,862,
YHR046C,EX_glc(e),fermentative,constrained,862,
YHR063C,EX_nh4(e),respiratory,zero flux,351,
YHR063C,EX_nh4(e),fermentative,zero flux,351,
YHR063C,EX_glc(e),respiratory,zero flux,351,
YHR063C,EX_glc(e),fermentative,zero flux,351,
YHR068W,EX_nh4(e),respiratory,zero flux,361,
YHR068W,EX_nh4(e),fermentative,zero flux,361,
YHR068W,EX_glc(e),respiratory,zero flux,361,
YHR068W,EX_glc(e),fermentative,zero flux,361,
YHR072W,EX_nh4(e),respiratory,variable,817,
YHR072W,EX_nh4(e),fermentative,constrained,817,
YHR072W,EX_glc(e),respiratory,constrained,817,
YHR072W,EX_glc(e),fermentative,constrained,817,
YHR091C,EX_nh4(e),respiratory,zero flux,165,
YHR091C,EX_nh4(e),fermentative,zero flux,165,
YHR091C,EX_glc(e),respiratory,zero flux,165,
YHR091C,EX_glc(e),fermentative,zero flux,165,
YHR106W,EX_nh4(e),respiratory,zero flux,1208,
YHR106W,EX_nh4(e),fermentative,zero flux,1208,
YHR106W,EX_glc(e),respiratory,zero flux,1208,
YHR106W,EX_glc(e),fermentative,zero flux,1208,
YHR128W,EX_nh4(e),respiratory,zero flux,1242,
YHR128W,EX_nh4(e),fermentative,zero flux,1242,
YHR128W,EX_glc(e),respiratory,zero flux,1242,
YHR128W,EX_glc(e),fermentative,zero flux,1242,
YHR190W,EX_nh4(e),respiratory,variable,1162,
YHR190W,EX_nh4(e),fermentative,constrained,1162,
YHR190W,EX_glc(e),respiratory,constrained,1162,
YHR190W,EX_glc(e),fermentative,constrained,1162,
YIL020C,EX_nh4(e),respiratory,constrained,1056,
YIL020C,EX_nh4(e),fermentative,constrained,1056,
YIL020C,EX_glc(e),respiratory,constrained,1056,
YIL020C,EX_glc(e),fermentative,constrained,1056,
YIL078W,EX_nh4(e),respiratory,zero flux,1189,
YIL078W,EX_nh4(e),fermentative,zero flux,1189,
YIL078W,EX_glc(e),respiratory,zero flux,1189,
YIL078W,EX_glc(e),fermentative,zero flux,1189,
YIL094C,EX_nh4(e),respiratory,constrained,742,
YIL094C,EX_nh4(e),fermentative,variable,742,
YIL094C,EX_glc(e),respiratory,constrained,742,
YIL094C,EX_glc(e),fermentative,constrained,742,
YIL116W,EX_nh4(e),respiratory,constrained,765,
YIL116W,EX_nh4(e),fermentative,constrained,765,
YIL116W,EX_glc(e),respiratory,constrained,765,
YIL116W,EX_glc(e),fermentative,constrained,765,
YIL134W,EX_nh4(e),respiratory,zero flux,549,
YIL134W,EX_nh4(e),fermentative,zero flux,549,
YIL134W,EX_glc(e),respiratory,constrained,549,
YIL134W,EX_glc(e),fermentative,zero flux,549,
YIL145C,EX_nh4(e),respiratory,zero flux,973,
YIL145C,EX_nh4(e),fermentative,zero flux,973,
YIL145C,EX_glc(e),respiratory,zero flux,973,
YIL145C,EX_glc(e),fermentative,zero flux,973,
YIL155C,EX_nh4(e),respiratory,zero flux,620,
YIL155C,EX_nh4(e),fermentative,zero flux,620,
YIL155C,EX_glc(e),respiratory,zero flux,620,
YIL155C,EX_glc(e),fermentative,zero flux,620,
YIL162W,EX_nh4(e),respiratory,zero flux,1173,
YIL162W,EX_nh4(e),fermentative,zero flux,1173,
YIL162W,EX_glc(e),respiratory,zero flux,1173,
YIL162W,EX_glc(e),fermentative,zero flux,1173,
YIR027C,EX_nh4(e),respiratory,zero flux,137,
YIR027C,EX_nh4(e),fermentative,zero flux,137,
YIR027C,EX_glc(e),respiratory,constrained,137,
YIR027C,EX_glc(e),fermentative,zero flux,137,
YIR028W,EX_nh4(e),respiratory,zero flux,138,
YIR028W,EX_nh4(e),fermentative,zero flux,138,
YIR028W,EX_glc(e),respiratory,zero flux,138,
YIR028W,EX_glc(e),fermentative,zero flux,138,
YIR029W,EX_nh4(e),respiratory,zero flux,136,
YIR029W,EX_nh4(e),fermentative,constrained,136,
YIR029W,EX_glc(e),respiratory,constrained,136,
YIR029W,EX_glc(e),fermentative,zero flux,136,
YIR032C,EX_nh4(e),respiratory,constrained,1235,
YIR032C,EX_nh4(e),fermentative,constrained,1235,
YIR032C,EX_glc(e),respiratory,constrained,1235,
YIR032C,EX_glc(e),fermentative,constrained,1235,
YIR034C,EX_nh4(e),respiratory,constrained,1129,
YIR034C,EX_nh4(e),fermentative,variable,1129,
YIR034C,EX_glc(e),respiratory,constrained,1129,
YIR034C,EX_glc(e),fermentative,constrained,1129,
YJL005W,EX_nh4(e),respiratory,zero flux,95,
YJL005W,EX_nh4(e),fermentative,zero flux,95,
YJL005W,EX_glc(e),respiratory,zero flux,95,
YJL005W,EX_glc(e),fermentative,zero flux,95,
YJL068C,EX_nh4(e),respiratory,zero flux,1145,
YJL068C,EX_nh4(e),fermentative,zero flux,1145,
YJL068C,EX_glc(e),respiratory,zero flux,1145,
YJL068C,EX_glc(e),fermentative,zero flux,1145,
YJL088W,EX_nh4(e),respiratory,constrained,946,
YJL088W,EX_nh4(e),fermentative,constrained,946,
YJL088W,EX_glc(e),respiratory,constrained,946,
YJL088W,EX_glc(e),fermentative,constrained,946,
YJL101C,EX_nh4(e),respiratory,zero flux,670,
YJL101C,EX_nh4(e),fermentative,zero flux,670,
YJL101C,EX_glc(e),respiratory,zero flux,670,
YJL101C,EX_glc(e),fermentative,zero flux,670,
YJL121C,EX_nh4(e),respiratory,variable,1126,
YJL121C,EX_nh4(e),fermentative,variable,1126,
YJL121C,EX_glc(e),respiratory,variable,1126,
YJL121C,EX_glc(e),fermentative,variable,1126,
YJL153C,EX_nh4(e),respiratory,constrained,863,
YJL153C,EX_nh4(e),fermentative,constrained,863,
YJL153C,EX_glc(e),respiratory,constrained,863,
YJL153C,EX_glc(e),fermentative,constrained,863,
YJL155C,EX_nh4(e),respiratory,zero flux,590,
YJL155C,EX_nh4(e),fermentative,zero flux,590,
YJL155C,EX_glc(e),respiratory,zero flux,590,
YJL155C,EX_glc(e),fermentative,zero flux,590,
YJR010W,EX_nh4(e),respiratory,zero flux,1130,
YJR010W,EX_nh4(e),fermentative,zero flux,1130,
YJR010W,EX_glc(e),respiratory,zero flux,1130,
YJR010W,EX_glc(e),fermentative,zero flux,1130,
YJR025C,EX_nh4(e),respiratory,zero flux,17,
YJR025C,EX_nh4(e),fermentative,zero flux,17,
YJR025C,EX_glc(e),respiratory,zero flux,17,
YJR025C,EX_glc(e),fermentative,zero flux,17,
YJR051W,EX_nh4(e),respiratory,zero flux,602,
YJR051W,EX_nh4(e),fermentative,zero flux,602,
YJR051W,EX_glc(e),respiratory,zero flux,602,
YJR051W,EX_glc(e),fermentative,variable,602,
YJR057W,EX_nh4(e),respiratory,zero flux,354,
YJR057W,EX_nh4(e),fermentative,zero flux,354,
YJR057W,EX_glc(e),respiratory,constrained,354,
YJR057W,EX_glc(e),fermentative,zero flux,354,
YJR077C,EX_nh4(e),respiratory,at maximum,1022,
YJR077C,EX_nh4(e),fermentative,variable,1022,
YJR077C,EX_glc(e),respiratory,variable,1022,
YJR077C,EX_glc(e),fermentative,variable,1022,
YJR078W,EX_nh4(e),respiratory,zero flux,1216,
YJR078W,EX_nh4(e),fermentative,zero flux,1216,
YJR078W,EX_glc(e),respiratory,zero flux,1216,
YJR078W,EX_glc(e),fermentative,zero flux,1216,
YJR095W,EX_nh4(e),respiratory,zero flux,1171,
YJR095W,EX_nh4(e),fermentative,zero flux,1171,
YJR095W,EX_glc(e),respiratory,zero flux,1171,
YJR095W,EX_glc(e),fermentative,variable,1171,
YJR105W,EX_nh4(e),respiratory,zero flux,96,
YJR105W,EX_nh4(e),fermentative,variable,96,
YJR105W,EX_glc(e),respiratory,variable,96,
YJR105W,EX_glc(e),fermentative,variable,96,
YJR130C,EX_nh4(e),respiratory,zero flux,850,
YJR130C,EX_nh4(e),fermentative,zero flux,850,
YJR130C,EX_glc(e),respiratory,zero flux,850,
YJR130C,EX_glc(e),fermentative,zero flux,850,
YJR133W,EX_nh4(e),respiratory,zero flux,1257,
YJR133W,EX_nh4(e),fermentative,zero flux,1257,
YJR133W,EX_glc(e),respiratory,zero flux,1257,
YJR133W,EX_glc(e),fermentative,zero flux,1257,
YJR152W,EX_nh4(e),respiratory,zero flux,139,
YJR152W,EX_nh4(e),fermentative,zero flux,139,
YJR152W,EX_glc(e),respiratory,zero flux,139,
YJR152W,EX_glc(e),fermentative,zero flux,139,
YKL001C,EX_nh4(e),respiratory,constrained,100,
YKL001C,EX_nh4(e),fermentative,constrained,100,
YKL001C,EX_glc(e),respiratory,constrained,100,
YKL001C,EX_glc(e),fermentative,variable,100,
YKL085W,EX_nh4(e),respiratory,variable,843,
YKL085W,EX_nh4(e),fermentative,variable,843,
YKL085W,EX_glc(e),respiratory,variable,843,
YKL085W,EX_glc(e),fermentative,variable,843,
YKL120W,EX_nh4(e),respiratory,variable,945,
YKL120W,EX_nh4(e),fermentative,variable,945,
YKL120W,EX_glc(e),respiratory,at maximum,945,
YKL120W,EX_glc(e),fermentative,variable,945,
YKL184W,EX_nh4(e),respiratory,zero flux,961,
YKL184W,EX_nh4(e),fermentative,zero flux,961,
YKL184W,EX_glc(e),respiratory,zero flux,961,
YKL184W,EX_glc(e),fermentative,zero flux,961,
YKL194C,EX_nh4(e),respiratory,zero flux,1190,
YKL194C,EX_nh4(e),fermentative,zero flux,1190,
YKL194C,EX_glc(e),respiratory,zero flux,1190,
YKL194C,EX_glc(e),fermentative,zero flux,1190,
YKR069W,EX_nh4(e),respiratory,zero flux,1239,
YKR069W,EX_nh4(e),fermentative,zero flux,1239,
YKR069W,EX_glc(e),respiratory,zero flux,1239,
YKR069W,EX_glc(e),fermentative,zero flux,1239,
YKR080W,EX_nh4(e),respiratory,zero flux,881,
YKR080W,EX_nh4(e),fermentative,zero flux,881,
YKR080W,EX_glc(e),respiratory,zero flux,881,
YKR080W,EX_glc(e),fermentative,zero flux,881,
YKR093W,EX_nh4(e),respiratory,zero flux,990,
YKR093W,EX_nh4(e),fermentative,zero flux,990,
YKR093W,EX_glc(e),respiratory,zero flux,990,
YKR093W,EX_glc(e),fermentative,zero flux,990,
YKR097W,EX_nh4(e),respiratory,zero flux,1041,
YKR097W,EX_nh4(e),fermentative,zero flux,1041,
YKR097W,EX_glc(e),respiratory,zero flux,1041,
YKR097W,EX_glc(e),fermentative,zero flux,1041,
YLL018C,EX_nh4(e),respiratory,zero flux,185,
YLL018C,EX_nh4(e),fermentative,zero flux,185,
YLL018C,EX_glc(e),respiratory,zero flux,185,
YLL018C,EX_glc(e),fermentative,zero flux,185,
YLL043W,EX_nh4(e),respiratory,zero flux,687,
YLL043W,EX_nh4(e),fermentative,zero flux,687,
YLL043W,EX_glc(e),respiratory,zero flux,687,
YLL043W,EX_glc(e),fermentative,variable,687,
YLL061W,EX_nh4(e),respiratory,zero flux,877,
YLL061W,EX_nh4(e),fermentative,zero flux,877,
YLL061W,EX_glc(e),respiratory,zero flux,877,
YLL061W,EX_glc(e),fermentative,zero flux,877,
YLR056W,EX_nh4(e),respiratory,zero flux,214,
YLR056W,EX_nh4(e),fermentative,zero flux,214,
YLR056W,EX_glc(e),respiratory,zero flux,214,
YLR056W,EX_glc(e),fermentative,zero flux,214,
YLR058C,EX_nh4(e),respiratory,variable,656,
YLR058C,EX_nh4(e),fermentative,variable,656,
YLR058C,EX_glc(e),respiratory,variable,656,
YLR058C,EX_glc(e),fermentative,variable,656,
YLR070C,EX_nh4(e),respiratory,zero flux,1261,
YLR070C,EX_nh4(e),fermentative,zero flux,1261,
YLR070C,EX_glc(e),respiratory,zero flux,1261,
YLR070C,EX_glc(e),fermentative,zero flux,1261,
YLR089C,EX_nh4(e),respiratory,zero flux,123,
YLR089C,EX_nh4(e),fermentative,zero flux,123,
YLR089C,EX_glc(e),respiratory,zero flux,123,
YLR089C,EX_glc(e),fermentative,zero flux,123,
YLR133W,EX_nh4(e),respiratory,zero flux,237,
YLR133W,EX_nh4(e),fermentative,zero flux,237,
YLR133W,EX_glc(e),respiratory,zero flux,237,
YLR133W,EX_glc(e),fermentative,zero flux,237,
YLR138W,EX_nh4(e),respiratory,zero flux,899,
YLR138W,EX_nh4(e),fermentative,zero flux,899,
YLR138W,EX_glc(e),respiratory,zero flux,899,
YLR138W,EX_glc(e),fermentative,zero flux,899,
YLR142W,EX_nh4(e),respiratory,variable,1057,
YLR142W,EX_nh4(e),fermentative,zero flux,1057,
YLR142W,EX_glc(e),respiratory,zero flux,1057,
YLR142W,EX_glc(e),fermentative,zero flux,1057,
YLR146C,EX_nh4(e),respiratory,zero flux,1158,
YLR146C,EX_nh4(e),fermentative,zero flux,1158,
YLR146C,EX_glc(e),respiratory,zero flux,1158,
YLR146C,EX_glc(e),fermentative,zero flux,1158,
YLR153C,EX_nh4(e),respiratory,zero flux,75,
YLR153C,EX_nh4(e),fermentative,zero flux,75,
YLR153C,EX_glc(e),respiratory,zero flux,75,
YLR153C,EX_glc(e),fermentative,zero flux,75,
YLR172C,EX_nh4(e),respiratory,zero flux,338,
YLR172C,EX_nh4(e),fermentative,zero flux,338,
YLR172C,EX_glc(e),respiratory,zero flux,338,
YLR172C,EX_glc(e),fermentative,zero flux,338,
YLR174W,EX_nh4(e),respiratory,variable,770,
YLR174W,EX_nh4(e),fermentative,variable,770,
YLR174W,EX_glc(e),respiratory,zero flux,770,
YLR174W,EX_glc(e),fermentative,zero flux,770,
YLR195C,EX_nh4(e),respiratory,zero flux,668,
YLR195C,EX_nh4(e),fermentative,zero flux,668,
YLR195C,EX_glc(e),respiratory,zero flux,668,
YLR195C,EX_glc(e),fermentative,zero flux,668,
YLR299W,EX_nh4(e),respiratory,zero flux,706,
YLR299W,EX_nh4(e),fermentative,zero flux,706,
YLR299W,EX_glc(e),respiratory,zero flux,706,
YLR299W,EX_glc(e),fermentative,zero flux,706,
YLR372W,EX_nh4(e),respiratory,zero flux,582,
YLR372W,EX_nh4(e),fermentative,zero flux,582,
YLR372W,EX_glc(e),respiratory,zero flux,582,
YLR372W,EX_glc(e),fermentative,zero flux,582,
YLR377C,EX_nh4(e),respiratory,zero flux,589,
YLR377C,EX_nh4(e),fermentative,zero flux,589,
YLR377C,EX_glc(e),respiratory,zero flux,589,
YLR377C,EX_glc(e),fermentative,zero flux,589,
YLR382C,EX_nh4(e),respiratory,zero flux,813,
YLR382C,EX_nh4(e),fermentative,zero flux,813,
YLR382C,EX_glc(e),respiratory,zero flux,813,
YLR382C,EX_glc(e),fermentative,zero flux,813,
YLR420W,EX_nh4(e),respiratory,zero flux,327,
YLR420W,EX_nh4(e),fermentative,constrained,327,
YLR420W,EX_glc(e),respiratory,constrained,327,
YLR420W,EX_glc(e),fermentative,constrained,327,
YLR438W,EX_nh4(e),respiratory,variable,962,
YLR438W,EX_nh4(e),fermentative,zero flux,962,
YLR438W,EX_glc(e),respiratory,variable,962,
YLR438W,EX_glc(e),fermentative,zero flux,962,
YML004C,EX_nh4(e),respiratory,zero flux,815,
YML004C,EX_nh4(e),fermentative,zero flux,815,
YML004C,EX_glc(e),respiratory,zero flux,815,
YML004C,EX_glc(e),fermentative,zero flux,815,
YML008C,EX_nh4(e),respiratory,zero flux,1131,
YML008C,EX_nh4(e),fermentative,zero flux,1131,
YML008C,EX_glc(e),respiratory,zero flux,1131,
YML008C,EX_glc(e),fermentative,zero flux,1131,
YML054C,EX_nh4(e),respiratory,zero flux,823,
YML054C,EX_nh4(e),fermentative,zero flux,823,
YML054C,EX_glc(e),respiratory,zero flux,823,
YML054C,EX_glc(e),fermentative,zero flux,823,
YML082W,EX_nh4(e),respiratory,zero flux,1149,
YML082W,EX_nh4(e),fermentative,at maximum,1149,
YML082W,EX_glc(e),respiratory,variable,1149,
YML082W,EX_glc(e),fermentative,constrained,1149,
YML110C,EX_nh4(e),respiratory,zero flux,953,
YML110C,EX_nh4(e),fermentative,zero flux,953,
YML110C,EX_glc(e),respiratory,zero flux,953,
YML110C,EX_glc(e),fermentative,zero flux,953,
YMR013C,EX_nh4(e),respiratory,zero flux,343,
YMR013C,EX_nh4(e),fermentative,zero flux,343,
YMR013C,EX_glc(e),respiratory,zero flux,343,
YMR013C,EX_glc(e),fermentative,zero flux,343,
YMR015C,EX_nh4(e),respiratory,zero flux,206,
YMR015C,EX_nh4(e),fermentative,zero flux,206,
YMR015C,EX_glc(e),respiratory,zero flux,206,
YMR015C,EX_glc(e),fermentative,zero flux,206,
YMR083W,EX_nh4(e),respiratory,variable,127,
YMR083W,EX_nh4(e),fermentative,variable,127,
YMR083W,EX_glc(e),respiratory,variable,127,
YMR083W,EX_glc(e),fermentative,zero flux,127,
YMR202W,EX_nh4(e),respiratory,zero flux,215,
YMR202W,EX_nh4(e),fermentative,zero flux,215,
YMR202W,EX_glc(e),respiratory,zero flux,215,
YMR202W,EX_glc(e),fermentative,zero flux,215,
YMR217W,EX_nh4(e),respiratory,constrained,695,
YMR217W,EX_nh4(e),fermentative,constrained,695,
YMR217W,EX_glc(e),respiratory,constrained,695,
YMR217W,EX_glc(e),fermentative,constrained,695,
YMR220W,EX_nh4(e),respiratory,variable,1031,
YMR220W,EX_nh4(e),fermentative,constrained,1031,
YMR220W,EX_glc(e),respiratory,constrained,1031,
YMR220W,EX_glc(e),fermentative,constrained,1031,
YMR250W,EX_nh4(e),respiratory,zero flux,671,
YMR250W,EX_nh4(e),fermentative,zero flux,671,
YMR250W,EX_glc(e),respiratory,zero flux,671,
YMR250W,EX_glc(e),fermentative,zero flux,671,
YMR267W,EX_nh4(e),respiratory,variable,1038,
YMR267W,EX_nh4(e),fermentative,zero flux,1038,
YMR267W,EX_glc(e),respiratory,zero flux,1038,
YMR267W,EX_glc(e),fermentative,zero flux,1038,
YMR300C,EX_nh4(e),respiratory,constrained,676,
YMR300C,EX_nh4(e),fermentative,constrained,676,
YMR300C,EX_glc(e),respiratory,constrained,676,
YMR300C,EX_glc(e),fermentative,constrained,676,
YNL009W,EX_nh4(e),respiratory,zero flux,772,
YNL009W,EX_nh4(e),fermentative,zero flux,772,
YNL009W,EX_glc(e),respiratory,constrained,772,
YNL009W,EX_glc(e),fermentative,zero flux,772,
YNL073W,EX_nh4(e),respiratory,zero flux,820,
YNL073W,EX_nh4(e),fermentative,zero flux,820,
YNL073W,EX_glc(e),respiratory,zero flux,820,
YNL073W,EX_glc(e),fermentative,zero flux,820,
YNL169C,EX_nh4(e),respiratory,zero flux,1065,
YNL169C,EX_nh4(e),fermentative,variable,1065,
YNL169C,EX_glc(e),respiratory,variable,1065,
YNL169C,EX_glc(e),fermentative,variable,1065,
YNL220W,EX_nh4(e),respiratory,variable,103,
YNL220W,EX_nh4(e),fermentative,constrained,103,
YNL220W,EX_glc(e),respiratory,constrained,103,
YNL220W,EX_glc(e),fermentative,constrained,103,
YNL241C,EX_nh4(e),respiratory,zero flux,627,
YNL241C,EX_nh4(e),fermentative,zero flux,627,
YNL241C,EX_glc(e),respiratory,zero flux,627,
YNL241C,EX_glc(e),fermentative,zero flux,627,
YNL247W,EX_nh4(e),respiratory,zero flux,280,
YNL247W,EX_nh4(e),fermentative,zero flux,280,
YNL247W,EX_glc(e),respiratory,zero flux,280,
YNL247W,EX_glc(e),fermentative,zero flux,280,
YNL277W,EX_nh4(e),respiratory,variable,763,
YNL277W,EX_nh4(e),fermentative,variable,763,
YNL277W,EX_glc(e),respiratory,variable,763,
YNL277W,EX_glc(e),fermentative,variable,763,
YNL280C,EX_nh4(e),respiratory,variable,205,
YNL280C,EX_nh4(e),fermentative,constrained,205,
YNL280C,EX_glc(e),respiratory,constrained,205,
YNL280C,EX_glc(e),fermentative,constrained,205,
YNL316C,EX_nh4(e),respiratory,constrained,1046,
YNL316C,EX_nh4(e),fermentative,constrained,1046,
YNL316C,EX_glc(e),respiratory,constrained,1046,
YNL316C,EX_glc(e),fermentative,constrained,1046,
YNR033W,EX_nh4(e),respiratory,zero flux,83,
YNR033W,EX_nh4(e),fermentative,zero flux,83,
YNR033W,EX_glc(e),respiratory,zero flux,83,
YNR033W,EX_glc(e),fermentative,zero flux,83,
YNR043W,EX_nh4(e),respiratory,variable,350,
YNR043W,EX_nh4(e),fermentative,constrained,350,
YNR043W,EX_glc(e),respiratory,constrained,350,
YNR043W,EX_glc(e),fermentative,constrained,350,
YNR050C,EX_nh4(e),respiratory,constrained,1128,
YNR050C,EX_nh4(e),fermentative,variable,1128,
YNR050C,EX_glc(e),respiratory,constrained,1128,
YNR050C,EX_glc(e),fermentative,constrained,1128,
YNR057C,EX_nh4(e),respiratory,zero flux,299,
YNR057C,EX_nh4(e),fermentative,zero flux,299,
YNR057C,EX_glc(e),respiratory,zero flux,299,
YNR057C,EX_glc(e),fermentative,zero flux,299,
YNR058W,EX_nh4(e),respiratory,zero flux,142,
YNR058W,EX_nh4(e),fermentative,zero flux,142,
YNR058W,EX_glc(e),respiratory,zero flux,142,
YNR058W,EX_glc(e),fermentative,zero flux,142,
YOL033W,EX_nh4(e),respiratory,zero flux,679,
YOL033W,EX_nh4(e),fermentative,zero flux,679,
YOL033W,EX_glc(e),respiratory,zero flux,679,
YOL033W,EX_glc(e),fermentative,zero flux,679,
YOL049W,EX_nh4(e),respiratory,zero flux,705,
YOL049W,EX_nh4(e),fermentative,zero flux,705,
YOL049W,EX_glc(e),respiratory,zero flux,705,
YOL049W,EX_glc(e),fermentative,zero flux,705,
YOL052C,EX_nh4(e),respiratory,zero flux,94,
YOL052C,EX_nh4(e),fermentative,zero flux,94,
YOL052C,EX_glc(e),respiratory,zero flux,94,
YOL052C,EX_glc(e),fermentative,zero flux,94,
YOL058W,EX_nh4(e),respiratory,constrained,163,
YOL058W,EX_nh4(e),fermentative,constrained,163,
YOL058W,EX_glc(e),respiratory,constrained,163,
YOL058W,EX_glc(e),fermentative,constrained,163,
YOL059W,EX_nh4(e),respiratory,zero flux,619,
YOL059W,EX_nh4(e),fermentative,zero flux,619,
YOL059W,EX_glc(e),respiratory,zero flux,619,
YOL059W,EX_glc(e),fermentative,zero flux,619,
YOL064C,EX_nh4(e),respiratory,variable,202,
YOL064C,EX_nh4(e),fermentative,variable,202,
YOL064C,EX_glc(e),respiratory,variable,202,
YOL064C,EX_glc(e),fermentative,variable,202,
YOL096C,EX_nh4(e),respiratory,zero flux,340,
YOL096C,EX_nh4(e),fermentative,zero flux,340,
YOL096C,EX_glc(e),respiratory,zero flux,340,
YOL096C,EX_glc(e),fermentative,zero flux,340,
YOL097C,EX_nh4(e),respiratory,zero flux,1218,
YOL097C,EX_nh4(e),fermentative,zero flux,1218,
YOL097C,EX_glc(e),respiratory,zero flux,1218,
YOL097C,EX_glc(e),fermentative,zero flux,1218,
YOL126C,EX_nh4(e),respiratory,variable,842,
YOL126C,EX_nh4(e),fermentative,variable,842,
YOL126C,EX_glc(e),respiratory,variable,842,
YOL126C,EX_glc(e),fermentative,variable,842,
YOL140W,EX_nh4(e),respiratory,variable,70,
YOL140W,EX_nh4(e),fermentative,constrained,70,
YOL140W,EX_glc(e),respiratory,variable,70,
YOL140W,EX_glc(e),fermentative,constrained,70,
YOL143C,EX_nh4(e),respiratory,zero flux,1108,
YOL143C,EX_nh4(e),fermentative,zero flux,1108,
YOL143C,EX_glc(e),respiratory,zero flux,1108,
YOL143C,EX_glc(e),fermentative,zero flux,1108,
YOR040W,EX_nh4(e),respiratory,zero flux,691,
YOR040W,EX_nh4(e),fermentative,zero flux,691,
YOR040W,EX_glc(e),respiratory,zero flux,691,
YOR040W,EX_glc(e),fermentative,zero flux,691,
YOR074C,EX_nh4(e),respiratory,constrained,1202,
YOR074C,EX_nh4(e),fermentative,constrained,1202,
YOR074C,EX_glc(e),respiratory,constrained,1202,
YOR074C,EX_glc(e),fermentative,constrained,1202,
YOR095C,EX_nh4(e),respiratory,variable,1127,
YOR095C,EX_nh4(e),fermentative,constrained,1127,
YOR095C,EX_glc(e),respiratory,constrained,1127,
YOR095C,EX_glc(e),fermentative,constrained,1127,
YOR100C,EX_nh4(e),respiratory,zero flux,259,
YOR100C,EX_nh4(e),fermentative,zero flux,259,
YOR100C,EX_glc(e),respiratory,zero flux,259,
YOR100C,EX_glc(e),fermentative,zero flux,259,
YOR128C,EX_nh4(e),respiratory,constrained,114,
YOR128C,EX_nh4(e),fermentative,constrained,114,
YOR128C,EX_glc(e),respiratory,constrained,114,
YOR128C,EX_glc(e),fermentative,constrained,114,
YOR130C,EX_nh4(e),respiratory,variable,965,
YOR130C,EX_nh4(e),fermentative,constrained,965,
YOR130C,EX_glc(e),respiratory,variable,965,
YOR130C,EX_glc(e),fermentative,constrained,965,
YOR168W,EX_nh4(e),respiratory,zero flux,665,
YOR168W,EX_nh4(e),fermentative,zero flux,665,
YOR168W,EX_glc(e),respiratory,zero flux,665,
YOR168W,EX_glc(e),fermentative,zero flux,665,
YOR176W,EX_nh4(e),respiratory,zero flux,591,
YOR176W,EX_nh4(e),fermentative,zero flux,591,
YOR176W,EX_glc(e),respiratory,zero flux,591,
YOR176W,EX_glc(e),fermentative,zero flux,591,
YOR202W,EX_nh4(e),respiratory,constrained,776,
YOR202W,EX_nh4(e),fermentative,constrained,776,
YOR202W,EX_glc(e),respiratory,constrained,776,
YOR202W,EX_glc(e),fermentative,constrained,776,
YOR278W,EX_nh4(e),respiratory,zero flux,1240,
YOR278W,EX_nh4(e),fermentative,zero flux,1240,
YOR278W,EX_glc(e),respiratory,zero flux,1240,
YOR278W,EX_glc(e),fermentative,zero flux,1240,
YOR335C,EX_nh4(e),respiratory,zero flux,124,
YOR335C,EX_nh4(e),fermentative,zero flux,124,
YOR335C,EX_glc(e),respiratory,zero flux,124,
YOR335C,EX_glc(e),fermentative,zero flux,124,
YPL040C,EX_nh4(e),respiratory,zero flux,781,
YPL040C,EX_nh4(e),fermentative,zero flux,781,
YPL040C,EX_glc(e),respiratory,zero flux,781,
YPL040C,EX_glc(e),fermentative,zero flux,781,
YPL091W,EX_nh4(e),respiratory,zero flux,702,
YPL091W,EX_nh4(e),fermentative,constrained,702,
YPL091W,EX_glc(e),respiratory,zero flux,702,
YPL091W,EX_glc(e),fermentative,zero flux,702,
YPL097W,EX_nh4(e),respiratory,zero flux,1228,
YPL097W,EX_nh4(e),fermentative,zero flux,1228,
YPL097W,EX_glc(e),respiratory,zero flux,1228,
YPL097W,EX_glc(e),fermentative,zero flux,1228,
YPL104W,EX_nh4(e),respiratory,zero flux,186,
YPL104W,EX_nh4(e),fermentative,zero flux,186,
YPL104W,EX_glc(e),respiratory,zero flux,186,
YPL104W,EX_glc(e),fermentative,zero flux,186,
YPL111W,EX_nh4(e),respiratory,zero flux,161,
YPL111W,EX_nh4(e),fermentative,zero flux,161,
YPL111W,EX_glc(e),respiratory,zero flux,161,
YPL111W,EX_glc(e),fermentative,zero flux,161,
YPL117C,EX_nh4(e),respiratory,variable,796,
YPL117C,EX_nh4(e),fermentative,constrained,796,
YPL117C,EX_glc(e),respiratory,constrained,796,
YPL117C,EX_glc(e),fermentative,constrained,796,
YPL148C,EX_nh4(e),respiratory,zero flux,72,
YPL148C,EX_nh4(e),fermentative,zero flux,72,
YPL148C,EX_glc(e),respiratory,zero flux,72,
YPL148C,EX_glc(e),fermentative,zero flux,72,
YPL160W,EX_nh4(e),respiratory,zero flux,812,
YPL160W,EX_nh4(e),fermentative,zero flux,812,
YPL160W,EX_glc(e),respiratory,zero flux,812,
YPL160W,EX_glc(e),fermentative,zero flux,812,
YPL266W,EX_nh4(e),respiratory,zero flux,952,
YPL266W,EX_nh4(e),fermentative,zero flux,952,
YPL266W,EX_glc(e),respiratory,zero flux,952,
YPL266W,EX_glc(e),fermentative,zero flux,952,
YPL268W,EX_nh4(e),respiratory,zero flux,1016,
YPL268W,EX_nh4(e),fermentative,zero flux,1016,
YPL268W,EX_glc(e),respiratory,zero flux,1016,
YPL268W,EX_glc(e),fermentative,zero flux,1016,
YPL274W,EX_nh4(e),respiratory,zero flux,143,
YPL274W,EX_nh4(e),fermentative,zero flux,143,
YPL274W,EX_glc(e),respiratory,zero flux,143,
YPL274W,EX_glc(e),fermentative,zero flux,143,
YPR006C,EX_nh4(e),respiratory,zero flux,838,
YPR006C,EX_nh4(e),fermentative,zero flux,838,
YPR006C,EX_glc(e),respiratory,zero flux,838,
YPR006C,EX_glc(e),fermentative,zero flux,838,
YPR026W,EX_nh4(e),respiratory,variable,1212,
YPR026W,EX_nh4(e),fermentative,zero flux,1212,
YPR026W,EX_glc(e),respiratory,zero flux,1212,
YPR026W,EX_glc(e),fermentative,zero flux,1212,
YPR035W,EX_nh4(e),respiratory,constrained,664,
YPR035W,EX_nh4(e),fermentative,constrained,664,
YPR035W,EX_glc(e),respiratory,constrained,664,
YPR035W,EX_glc(e),fermentative,variable,664,
YPR047W,EX_nh4(e),respiratory,zero flux,1012,
YPR047W,EX_nh4(e),fermentative,zero flux,1012,
YPR047W,EX_glc(e),respiratory,zero flux,1012,
YPR047W,EX_glc(e),fermentative,zero flux,1012,
YPR060C,EX_nh4(e),respiratory,constrained,238,
YPR060C,EX_nh4(e),fermentative,constrained,238,
YPR060C,EX_glc(e),respiratory,constrained,238,
YPR060C,EX_glc(e),fermentative,constrained,238,
YPR062W,EX_nh4(e),respiratory,zero flux,268,
YPR062W,EX_nh4(e),fermentative,zero flux,268,
YPR062W,EX_glc(e),respiratory,zero flux,268,
YPR062W,EX_glc(e),fermentative,zero flux,268,
YPR069C,EX_nh4(e),respiratory,zero flux,1157,
YPR069C,EX_nh4(e),fermentative,zero flux,1157,
YPR069C,EX_glc(e),respiratory,zero flux,1157,
YPR069C,EX_glc(e),fermentative,zero flux,1157,
YPR113W,EX_nh4(e),respiratory,constrained,1021,
YPR113W,EX_nh4(e),fermentative,constrained,1021,
YPR113W,EX_glc(e),respiratory,constrained,1021,
YPR113W,EX_glc(e),fermentative,constrained,1021,
YPR160W,EX_nh4(e),respiratory,zero flux,660,
YPR160W,EX_nh4(e),fermentative,zero flux,660,
YPR160W,EX_glc(e),respiratory,zero flux,660,
YPR160W,EX_glc(e),fermentative,zero flux,660,
YPR167C,EX_nh4(e),respiratory,constrained,975,
YPR167C,EX_nh4(e),fermentative,constrained,975,
YPR167C,EX_glc(e),respiratory,constrained,975,
YPR167C,EX_glc(e),fermentative,variable,975,
YPR183W,EX_nh4(e),respiratory,constrained,345,
YPR183W,EX_nh4(e),fermentative,constrained,345,
YPR183W,EX_glc(e),respiratory,constrained,345,
YPR183W,EX_glc(e),fermentative,constrained,345,
