gene,environment,solution,flux,essential
YGR282C,amm,optimal,0.0,false
YBR265W,amm,optimal,0.0,true
YJR025C,amm,optimal,0.0,false
YGR019W,amm,optimal,0.0,false
YFL017C,amm,optimal,0.0,true
YBL015W,amm,optimal,0.16515,false
YOL140W,amm,optimal,0.04821,false
YAR071W,amm,optimal,0.0,false
YPL148C,amm,optimal,0.0,false
YLR153C,amm,optimal,0.0,true
YCR032W,amm,optimal,0.0,false
YNR033W,amm,optimal,0.0,false
YOL052C,amm,optimal,0.0,false
YJL005W,amm,optimal,0.0,true
YJR105W,amm,optimal,0.0,false
YKL001C,amm,optimal,0.01719,false
YNL220W,amm,optimal,0.04038,false
YDL052C,amm,optimal,0.00741,false
YFL030W,amm,optimal,0.0,false
YER043C,amm,optimal,0.00561,true
YOR128C,amm,optimal,0.0294,false
YDR481C,amm,optimal,0.0,false
YDR232W,amm,optimal,0.0,true
YDR111C,amm,optimal,-0.13764,false
YLR089C,amm,optimal,0.0,false
YOR335C,amm,optimal,0.0,true
YMR083W,amm,optimal,0.14133,false
YIR029W,amm,optimal,0.0,false
YIR027C,amm,optimal,0.0,false
YIR028W,amm,optimal,0.0,false
YJR152W,amm,optimal,0.0,false
YNR058W,amm,optimal,0.0,false
YPL274W,amm,optimal,0.0,false
YDR354W,amm,optimal,0.00852,false
YDR305C,amm,optimal,0.0,false
YPL111W,amm,optimal,0.0,false
YHR018C,amm,optimal,0.04821,false
YOL058W,amm,optimal,0.04821,false
YDR341C,amm,optimal,0.0,true
YHR091C,amm,optimal,0.0,false
YBR034C,amm,optimal,0.0,false
YDR158W,amm,optimal,0.01521,false
YDR321W,amm,optimal,0.0,false
YHR019C,amm,optimal,0.0,true
YCR024C,amm,optimal,0.0,false
YER052C,amm,optimal,0.01521,false
YLL018C,amm,optimal,0.0,true
YPL104W,amm,optimal,0.0,false
YDR530C,amm,optimal,0.0,false
YER055C,amm,optimal,0.01989,false
YOL064C,amm,optimal,0.01719,false
YGR286C,amm,optimal,0.0,false
YNL280C,amm,optimal,0.00066,false
YMR015C,amm,optimal,0.0,false
YGL012W,amm,optimal,0.00021,false
YLR056W,amm,optimal,0.0,false
YMR202W,amm,optimal,0.0,false
YGR088W,amm,optimal,500.0,false
YDR256C,amm,optimal,0.0,false
YCL004W,amm,optimal,0.0,true
YGR202C,amm,optimal,0.0,false
YGL077C,amm,optimal,0.0,false
YLR133W,amm,optimal,0.0,false
YPR060C,amm,optimal,0.07077,false
YGL148W,amm,optimal,0.07929,false
YDL142C,amm,optimal,0.0,false
YDR044W,amm,optimal,0.0,true
YOR100C,amm,optimal,0.0,false
YBR132C,amm,optimal,0.0,false
YAR035W,amm,optimal,0.0,false
YPR062W,amm,optimal,0.0,false
YCR005C,amm,optimal,0.0,false
YGR012W,amm,optimal,0.00198,false
YAL012W,amm,optimal,1000.0,false
YFR055W,amm,optimal,0.0,false
YGL184C,amm,optimal,0.0,false
YNL247W,amm,optimal,0.0,true
YGR155W,amm,optimal,0.0,false
YNR057C,amm,optimal,0.0,false
YLR420W,amm,optimal,0.0,false
YLR172C,amm,optimal,0.0,false
YOL096C,amm,optimal,0.0,false
YDL100C,amm,optimal,0.0,false
YMR013C,amm,optimal,0.0,true
YPR183W,amm,optimal,0.24237,true
YNR043W,amm,optimal,0.00396,true
YHR063C,amm,optimal,0.0,false
YJR057W,amm,optimal,0.0,true
YBR252W,amm,optimal,0.0,true
YHR068W,amm,optimal,0.0,true
YDL174C,amm,optimal,0.0,false
YDR147W,amm,optimal,0.0,false
YIL134W,amm,optimal,5.55112e-17,false
YLR372W,amm,optimal,0.0,false
YLR377C,amm,optimal,47.6383,false
YJL155C,amm,optimal,0.0,false
YOR176W,amm,optimal,0.0,true
YBL013W,amm,optimal,0.0,false
YDL045C,amm,optimal,5.55112e-17,true
YEL047C,amm,optimal,0.0,false
YJR051W,amm,optimal,0.0,false
YER183C,amm,optimal,0.0,false
YDL022W,amm,optimal,0.31425,false
YOL059W,amm,optimal,0.0,false
YIL155C,amm,optimal,0.31425,false
YNL241C,amm,optimal,499.353,false
YBR020W,amm,optimal,0.0,false
YDR408C,amm,optimal,0.0294,false
YEL011W,amm,optimal,0.0,false
YLR058C,amm,optimal,-999.768,false
YBR263W,amm,optimal,1000.0,false
YPR160W,amm,optimal,0.0,false
YPR035W,amm,optimal,0.24525,true
YOR168W,amm,optimal,0.0,true
YLR195C,amm,optimal,0.0,true
YDR300C,amm,optimal,0.04941,false
YJL101C,amm,optimal,0.0,false
YMR250W,amm,optimal,0.0,false
YDL215C,amm,optimal,997.047,false
YMR300C,amm,optimal,0.0294,false
YDL171C,amm,optimal,0.0,false
YGL245W,amm,optimal,0.0,true
YOL033W,amm,optimal,0.0,false
YLL043W,amm,optimal,0.0,false
YHL032C,amm,optimal,0.0,false
YDR272W,amm,optimal,0.0,false
YOR040W,amm,optimal,0.0,false
YMR217W,amm,optimal,0.01452,false
YPL091W,amm,optimal,0.0,false
YOL049W,amm,optimal,0.0,false
YLR299W,amm,optimal,0.0,false
YBL033C,amm,optimal,0.0,false
YGR267C,amm,optimal,0.0,true
YDR234W,amm,optimal,0.08586,false
YIL094C,amm,optimal,0.08586,false
YFR025C,amm,optimal,0.01989,false
YDL205C,amm,optimal,0.0,true
YNL277W,amm,optimal,0.01521,false
YHR025W,amm,optimal,0.0,false
YIL116W,amm,optimal,0.01989,false
YLR174W,amm,optimal,0.17157,false
YDL066W,amm,optimal,0.13407,false
YNL009W,amm,optimal,0.0,false
YER065C,amm,optimal,0.0,false
YBR248C,amm,optimal,0.01989,false
YOR202W,amm,optimal,0.01989,false
YBL076C,amm,optimal,0.0,true
YPL040C,amm,optimal,0.0,false
YDR380W,amm,optimal,0.0,false
YPL117C,amm,optimal,0.00132,true
YCL018W,amm,optimal,0.08892,false
YBL098W,amm,optimal,0.0,false
YPL160W,amm,optimal,0.0,true
YLR382C,amm,optimal,0.0,false
YML004C,amm,optimal,0.0,false
YHR007C,amm,optimal,0.00066,true
YHR072W,amm,optimal,0.00066,true
YDR037W,amm,optimal,0.0,true
YNL073W,amm,optimal,0.0,false
YML054C,amm,optimal,0.0,false
YDL055C,amm,optimal,0.24237,true
YER003C,amm,optimal,-0.24237,true
YPR006C,amm,optimal,0.0,false
YOL126C,amm,optimal,0.8256,false
YKL085W,amm,optimal,-0.70761,false
YDL078C,amm,optimal,0.0,false
YJR130C,amm,optimal,0.0,false
YGR264C,amm,optimal,0.0,true
YGR171C,amm,optimal,0.0,false
YHR046C,amm,optimal,0.00159,false
YJL153C,amm,optimal,0.00159,false
YLL061W,amm,optimal,0.0,false
YBR176W,amm,optimal,0.0,false
YKR080W,amm,optimal,0.0,false
YGL067W,amm,optimal,0.0,false
YLR138W,amm,optimal,0.0,false
YEL042W,amm,optimal,0.0,false
YGR010W,amm,optimal,0.0,false
YKL120W,amm,optimal,-998.701,false
YJL088W,amm,optimal,0.04821,false
YPL266W,amm,optimal,0.0,true
YML110C,amm,optimal,0.0,false
YGR255C,amm,optimal,0.0,false
YEL021W,amm,optimal,0.03318,false
YDR538W,amm,optimal,0.0,false
YKL184W,amm,optimal,0.0,false
YLR438W,amm,optimal,0.0,false
YOR130C,amm,optimal,0.04821,false
YIL145C,amm,optimal,0.0,false
YPR167C,amm,optimal,0.01719,false
YKR093W,amm,optimal,0.0,false
YGR007W,amm,optimal,0.0,false
YGR157W,amm,optimal,0.0018,false
YCR012W,amm,optimal,-71.0924,true
YPR047W,amm,optimal,0.0,false
YPL268W,amm,optimal,0.0,false
YPR113W,amm,optimal,0.00159,true
YJR077C,amm,optimal,999.121,false
YER053C,amm,optimal,-1000.0,false
YFL045C,amm,optimal,-0.24237,true
YMR220W,amm,optimal,0.00396,true
YDR531W,amm,optimal,0.0,true
YCR028C,amm,optimal,0.0,false
YBR011C,amm,optimal,1.05018,true
YMR267W,amm,optimal,0.0,false
YGL040C,amm,optimal,0.0,true
YKR097W,amm,optimal,0.0,false
YBR166C,amm,optimal,0.0306,false
YNL316C,amm,optimal,0.04017,false
YER014W,amm,optimal,0.0,false
YDR007W,amm,optimal,0.00852,false
YAR015W,amm,optimal,0.0294,false
YGR061C,amm,optimal,0.0294,false
YIL020C,amm,optimal,0.01989,false
YLR142W,amm,optimal,0.0,false
YNL169C,amm,optimal,0.00315,false
YGR208W,amm,optimal,0.30153,false
YOL143C,amm,optimal,0.0,false
YBR256C,amm,optimal,0.0,true
YJL121C,amm,optimal,332.815,false
YOR095C,amm,optimal,-166.538,true
YNR050C,amm,optimal,0.08586,false
YIR034C,amm,optimal,0.08586,false
YJR010W,amm,optimal,0.0,false
YML008C,amm,optimal,0.0,false
YJL068C,amm,optimal,0.0,false
YML082W,amm,optimal,-1000.0,false
YPR069C,amm,optimal,0.0,false
YLR146C,amm,optimal,0.0,false
YGR175C,amm,optimal,0.00066,true
YHR190W,amm,optimal,0.00066,true
YBR006W,amm,optimal,0.0,false
YJR095W,amm,optimal,0.0,false
YIL162W,amm,optimal,0.0,false
YEL046C,amm,optimal,0.11523,false
YER086W,amm,optimal,0.05781,false
YIL078W,amm,optimal,0.0,true
YKL194C,amm,optimal,0.0,false
YOR074C,amm,optimal,0.00108,true
YDR050C,amm,optimal,-47.6457,true
YDR353W,amm,optimal,0.02079,true
YHR106W,amm,optimal,0.0,false
YPR026W,amm,optimal,0.0,false
YJR078W,amm,optimal,0.0,false
YGL026C,amm,optimal,0.00852,false
YOL097C,amm,optimal,0.0,true
YDR268W,amm,optimal,0.0,false
YGR185C,amm,optimal,0.0,true
YPL097W,amm,optimal,0.0,false
YDL103C,amm,optimal,0.0,true
YBR019C,amm,optimal,0.0,false
YIR032C,amm,optimal,0.0,false
YKR069W,amm,optimal,0.0,false
YOR278W,amm,optimal,0.0,true
YDR047W,amm,optimal,0.0,true
YHR128W,amm,optimal,0.0,true
YBR021W,amm,optimal,0.0,false
YHL016C,amm,optimal,0.0,false
YBL042C,amm,optimal,0.0,false
YJR133W,amm,optimal,0.0,false
YGR194C,amm,optimal,0.0,false
YLR070C,amm,optimal,0.0,false
YGR282C,amm,suboptimal,0.0,false
YBR265W,amm,suboptimal,0.0,true
YJR025C,amm,suboptimal,0.0,false
YGR019W,amm,suboptimal,0.0,false
YFL017C,amm,suboptimal,0.0,true
YBL015W,amm,suboptimal,0.687514,false
YOL140W,amm,suboptimal,771.45,false
YAR071W,amm,suboptimal,0.0,false
YPL148C,amm,suboptimal,1.38778e-17,false
YLR153C,amm,suboptimal,0.0,true
YCR032W,amm,suboptimal,0.0,false
YNR033W,amm,suboptimal,0.0,false
YOL052C,amm,suboptimal,0.0,false
YJL005W,amm,suboptimal,0.0,true
YJR105W,amm,suboptimal,0.00561,false
YKL001C,amm,suboptimal,0.01719,false
YNL220W,amm,suboptimal,0.03477,false
YDL052C,amm,suboptimal,0.00741,false
YFL030W,amm,suboptimal,0.0,false
YER043C,amm,suboptimal,0.00561,true
YOR128C,amm,suboptimal,0.0294,false
YDR481C,amm,suboptimal,0.0,false
YDR232W,amm,suboptimal,0.0,true
YDR111C,amm,suboptimal,-0.13764,false
YLR089C,amm,suboptimal,0.0,false
YOR335C,amm,suboptimal,0.0,true
YMR083W,amm,suboptimal,0.670324,false
YIR029W,amm,suboptimal,0.0,false
YIR027C,amm,suboptimal,0.0,false
YIR028W,amm,suboptimal,0.0,false
YJR152W,amm,suboptimal,0.0,false
YNR058W,amm,suboptimal,0.0,false
YPL274W,amm,suboptimal,0.0,false
YDR354W,amm,suboptimal,0.00852,false
YDR305C,amm,suboptimal,0.0,false
YPL111W,amm,suboptimal,2.25218e-12,false
YHR018C,amm,suboptimal,0.04821,false
YOL058W,amm,suboptimal,0.04821,false
YDR341C,amm,suboptimal,0.0,true
YHR091C,amm,suboptimal,0.0,false
YBR034C,amm,suboptimal,0.0,false
YDR158W,amm,suboptimal,0.01521,false
YDR321W,amm,suboptimal,0.0,false
YHR019C,amm,suboptimal,0.0,true
YCR024C,amm,suboptimal,0.0,false
YER052C,amm,suboptimal,0.01521,false
YLL018C,amm,suboptimal,0.0,true
YPL104W,amm,suboptimal,0.0,false
YDR530C,amm,suboptimal,0.0,false
YER055C,amm,suboptimal,0.01989,false
YOL064C,amm,suboptimal,0.01719,false
YGR286C,amm,suboptimal,0.0,false
YNL280C,amm,suboptimal,0.00066,false
YMR015C,amm,suboptimal,0.00021,false
YGL012W,amm,suboptimal,0.00021,false
YLR056W,amm,suboptimal,0.00021,false
YMR202W,amm,suboptimal,0.00021,false
YGR088W,amm,suboptimal,0.0,false
YDR256C,amm,suboptimal,0.0,false
YCL004W,amm,suboptimal,0.0,true
YGR202C,amm,suboptimal,0.0,false
YGL077C,amm,suboptimal,0.0,false
YLR133W,amm,suboptimal,0.0,false
YPR060C,amm,suboptimal,0.07077,false
YGL148W,amm,suboptimal,0.07929,false
YDL142C,amm,suboptimal,0.0,false
YDR044W,amm,suboptimal,0.0,true
YOR100C,amm,suboptimal,0.0,false
YBR132C,amm,suboptimal,0.0,false
YAR035W,amm,suboptimal,0.522364,false
YPR062W,amm,suboptimal,0.0,false
YCR005C,amm,suboptimal,0.0,false
YGR012W,amm,suboptimal,0.00198,false
YAL012W,amm,suboptimal,1000.0,false
YFR055W,amm,suboptimal,0.0,false
YGL184C,amm,suboptimal,0.0,false
YNL247W,amm,suboptimal,0.0,true
YGR155W,amm,suboptimal,0.0,false
YNR057C,amm,suboptimal,0.0,false
YLR420W,amm,suboptimal,0.0,false
YLR172C,amm,suboptimal,0.0,false
YOL096C,amm,suboptimal,0.0,false
YDL100C,amm,suboptimal,0.0,false
YMR013C,amm,suboptimal,0.0,true
YPR183W,amm,suboptimal,0.24237,true
YNR043W,amm,suboptimal,0.00396,true
YHR063C,amm,suboptimal,0.0,false
YJR057W,amm,suboptimal,0.0,true
YBR252W,amm,suboptimal,0.0,true
YHR068W,amm,suboptimal,0.0,true
YDL174C,amm,suboptimal,0.0,false
YDR147W,amm,suboptimal,0.0,false
YIL134W,amm,suboptimal,0.0,false
YLR372W,amm,suboptimal,0.0,false
YLR377C,amm,suboptimal,0.0,false
YJL155C,amm,suboptimal,0.0,false
YOR176W,amm,suboptimal,0.0,true
YBL013W,amm,suboptimal,0.0,false
YDL045C,amm,suboptimal,0.0,true
YEL047C,amm,suboptimal,0.0,false
YJR051W,amm,suboptimal,0.0,false
YER183C,amm,suboptimal,0.0,false
YDL022W,amm,suboptimal,0.00741,false
YOL059W,amm,suboptimal,0.0,false
YIL155C,amm,suboptimal,0.0,false
YNL241C,amm,suboptimal,0.0,false
YBR020W,amm,suboptimal,0.0,false
YDR408C,amm,suboptimal,0.0294,false
YEL011W,amm,suboptimal,0.15555,false
YLR058C,amm,suboptimal,-545.203,false
YBR263W,amm,suboptimal,772.717,false
YPR160W,amm,suboptimal,0.0,false
YPR035W,amm,suboptimal,546.18,true
YOR168W,amm,suboptimal,0.0,true
YLR195C,amm,suboptimal,0.0,true
YDR300C,amm,suboptimal,0.0,false
YJL101C,amm,suboptimal,0.0,false
YMR250W,amm,suboptimal,0.0,false
YDL215C,amm,suboptimal,0.0,false
YMR300C,amm,suboptimal,0.0294,false
YDL171C,amm,suboptimal,545.935,false
YGL245W,amm,suboptimal,0.0,true
YOL033W,amm,suboptimal,0.0,false
YLL043W,amm,suboptimal,0.0,false
YHL032C,amm,suboptimal,0.0,false
YDR272W,amm,suboptimal,0.0,false
YOR040W,amm,suboptimal,0.0,false
YMR217W,amm,suboptimal,0.01452,false
YPL091W,amm,suboptimal,0.0,false
YOL049W,amm,suboptimal,0.0,false
YLR299W,amm,suboptimal,0.0,false
YBL033C,amm,suboptimal,0.0,false
YGR267C,amm,suboptimal,0.0,true
YDR234W,amm,suboptimal,0.08586,false
YIL094C,amm,suboptimal,0.08586,false
YFR025C,amm,suboptimal,0.01989,false
YDL205C,amm,suboptimal,0.0,true
YNL277W,amm,suboptimal,0.01521,false
YHR025W,amm,suboptimal,0.0,false
YIL116W,amm,suboptimal,0.01989,false
YLR174W,amm,suboptimal,0.0,false
YDL066W,amm,suboptimal,0.0,false
YNL009W,amm,suboptimal,0.0,false
YER065C,amm,suboptimal,0.0,false
YBR248C,amm,suboptimal,0.01989,false
YOR202W,amm,suboptimal,0.01989,false
YBL076C,amm,suboptimal,0.0,true
YPL040C,amm,suboptimal,0.0,false
YDR380W,amm,suboptimal,0.0,false
YPL117C,amm,suboptimal,0.00132,true
YCL018W,amm,suboptimal,0.08892,false
YBL098W,amm,suboptimal,0.0,false
YPL160W,amm,suboptimal,0.0,true
YLR382C,amm,suboptimal,0.0,false
YML004C,amm,suboptimal,0.0,false
YHR007C,amm,suboptimal,0.00066,true
YHR072W,amm,suboptimal,0.00066,true
YDR037W,amm,suboptimal,0.0,true
YNL073W,amm,suboptimal,0.0,false
YML054C,amm,suboptimal,0.0,false
YDL055C,amm,suboptimal,0.24237,true
YER003C,amm,suboptimal,-0.24237,true
YPR006C,amm,suboptimal,0.0,false
YOL126C,amm,suboptimal,854.099,false
YKL085W,amm,suboptimal,-1000.0,false
YDL078C,amm,suboptimal,0.0,false
YJR130C,amm,suboptimal,0.0,false
YGR264C,amm,suboptimal,0.0,true
YGR171C,amm,suboptimal,0.0,false
YHR046C,amm,suboptimal,0.00159,false
YJL153C,amm,suboptimal,0.00159,false
YLL061W,amm,suboptimal,0.0,false
YBR176W,amm,suboptimal,0.0,false
YKR080W,amm,suboptimal,0.0,false
YGL067W,amm,suboptimal,0.0,false
YLR138W,amm,suboptimal,0.0,false
YEL042W,amm,suboptimal,0.0,false
YGR010W,amm,suboptimal,0.0,false
YKL120W,amm,suboptimal,0.628114,false
YJL088W,amm,suboptimal,0.04821,false
YPL266W,amm,suboptimal,0.0,true
YML110C,amm,suboptimal,0.0,false
YGR255C,amm,suboptimal,0.0,false
YEL021W,amm,suboptimal,0.03318,false
YDR538W,amm,suboptimal,0.0,false
YKL184W,amm,suboptimal,0.0,false
YLR438W,amm,suboptimal,771.359,false
YOR130C,amm,suboptimal,771.45,false
YIL145C,amm,suboptimal,0.0,false
YPR167C,amm,suboptimal,0.01719,false
YKR093W,amm,suboptimal,0.0,false
YGR007W,amm,suboptimal,0.0,false
YGR157W,amm,suboptimal,0.0018,false
YCR012W,amm,suboptimal,-1000.0,true
YPR047W,amm,suboptimal,0.0,false
YPL268W,amm,suboptimal,0.0,false
YPR113W,amm,suboptimal,0.00159,true
YJR077C,amm,suboptimal,88.5625,false
YER053C,amm,suboptimal,-999.878,false
YFL045C,amm,suboptimal,-0.24237,true
YMR220W,amm,suboptimal,0.00396,true
YDR531W,amm,suboptimal,-1.38778e-17,true
YCR028C,amm,suboptimal,-1.38778e-17,false
YBR011C,amm,suboptimal,1.05018,true
YMR267W,amm,suboptimal,0.0,false
YGL040C,amm,suboptimal,0.0,true
YKR097W,amm,suboptimal,0.0,false
YBR166C,amm,suboptimal,0.0306,false
YNL316C,amm,suboptimal,0.04017,false
YER014W,amm,suboptimal,0.0,false
YDR007W,amm,suboptimal,0.00852,false
YAR015W,amm,suboptimal,0.0294,false
YGR061C,amm,suboptimal,0.0294,false
YIL020C,amm,suboptimal,0.01989,false
YLR142W,amm,suboptimal,771.31,false
YNL169C,amm,suboptimal,0.00315,false
YGR208W,amm,suboptimal,227.584,false
YOL143C,amm,suboptimal,0.0,false
YBR256C,amm,suboptimal,0.0,true
YJL121C,amm,suboptimal,-0.08651,false
YOR095C,amm,suboptimal,-0.08738,true
YNR050C,amm,suboptimal,0.08586,false
YIR034C,amm,suboptimal,0.08586,false
YJR010W,amm,suboptimal,0.0,false
YML008C,amm,suboptimal,0.00021,false
YJL068C,amm,suboptimal,0.0,false
YML082W,amm,suboptimal,-1000.0,false
YPR069C,amm,suboptimal,0.0,false
YLR146C,amm,suboptimal,0.0,false
YGR175C,amm,suboptimal,0.00066,true
YHR190W,amm,suboptimal,0.00066,true
YBR006W,amm,suboptimal,0.0,false
YJR095W,amm,suboptimal,0.0,false
YIL162W,amm,suboptimal,0.0,false
YEL046C,amm,suboptimal,0.11523,false
YER086W,amm,suboptimal,0.05781,false
YIL078W,amm,suboptimal,0.0,true
YKL194C,amm,suboptimal,0.0,false
YOR074C,amm,suboptimal,0.00108,true
YDR050C,amm,suboptimal,500.033,true
YDR353W,amm,suboptimal,0.02079,true
YHR106W,amm,suboptimal,0.0,false
YPR026W,amm,suboptimal,0.0,false
YJR078W,amm,suboptimal,0.0,false
YGL026C,amm,suboptimal,0.00852,false
YOL097C,amm,suboptimal,0.0,true
YDR268W,amm,suboptimal,0.0,false
YGR185C,amm,suboptimal,0.0,true
YPL097W,amm,suboptimal,0.0,false
YDL103C,amm,suboptimal,0.0,true
YBR019C,amm,suboptimal,0.0,false
YIR032C,amm,suboptimal,0.0,false
YKR069W,amm,suboptimal,0.0,false
YOR278W,amm,suboptimal,0.0,true
YDR047W,amm,suboptimal,0.0,true
YHR128W,amm,suboptimal,0.0,true
YBR021W,amm,suboptimal,0.0,false
YHL016C,amm,suboptimal,0.0,false
YBL042C,amm,suboptimal,0.0,false
YJR133W,amm,suboptimal,0.0,false
YGR194C,amm,suboptimal,0.0,false
YLR070C,amm,suboptimal,0.0,false
YGR282C,glc,optimal,0.0,false
YBR265W,glc,optimal,0.0,true
YJR025C,glc,optimal,0.0,false
YGR019W,glc,optimal,0.0,false
YFL017C,glc,optimal,0.0,true
YBL015W,glc,optimal,0.25407,false
YOL140W,glc,optimal,0.04821,false
YAR071W,glc,optimal,0.0,false
YPL148C,glc,optimal,0.0,false
YLR153C,glc,optimal,0.0,true
YCR032W,glc,optimal,0.0,false
YNR033W,glc,optimal,0.0,false
YOL052C,glc,optimal,0.0,false
YJL005W,glc,optimal,0.0,true
YJR105W,glc,optimal,0.00561,false
YKL001C,glc,optimal,0.01719,false
YNL220W,glc,optimal,0.03477,false
YDL052C,glc,optimal,0.00741,false
YFL030W,glc,optimal,0.0,false
YER043C,glc,optimal,0.00561,true
YOR128C,glc,optimal,0.0294,false
YDR481C,glc,optimal,0.0,false
YDR232W,glc,optimal,0.0,true
YDR111C,glc,optimal,-0.13764,false
YLR089C,glc,optimal,0.0,false
YOR335C,glc,optimal,0.0,true
YMR083W,glc,optimal,0.0,false
YIR029W,glc,optimal,0.0,false
YIR027C,glc,optimal,0.0,false
YIR028W,glc,optimal,0.0,false
YJR152W,glc,optimal,0.0,false
YNR058W,glc,optimal,0.0,false
YPL274W,glc,optimal,0.0,false
YDR354W,glc,optimal,0.00852,false
YDR305C,glc,optimal,0.0,false
YPL111W,glc,optimal,0.0,false
YHR018C,glc,optimal,0.04821,false
YOL058W,glc,optimal,0.04821,false
YDR341C,glc,optimal,0.0,true
YHR091C,glc,optimal,0.0,false
YBR034C,glc,optimal,0.0,false
YDR158W,glc,optimal,0.01521,false
YDR321W,glc,optimal,0.0,false
YHR019C,glc,optimal,0.0,true
YCR024C,glc,optimal,0.0,false
YER052C,glc,optimal,0.01521,false
YLL018C,glc,optimal,0.0,true
YPL104W,glc,optimal,0.0,false
YDR530C,glc,optimal,0.0,false
YER055C,glc,optimal,0.01989,false
YOL064C,glc,optimal,0.01719,false
YGR286C,glc,optimal,0.0,false
YNL280C,glc,optimal,0.00066,false
YMR015C,glc,optimal,0.0,false
YGL012W,glc,optimal,0.00021,false
YLR056W,glc,optimal,0.0,false
YMR202W,glc,optimal,0.0,false
YGR088W,glc,optimal,0.0,false
YDR256C,glc,optimal,0.0,false
YCL004W,glc,optimal,0.0,true
YGR202C,glc,optimal,0.0,false
YGL077C,glc,optimal,0.0,false
YLR133W,glc,optimal,0.0,false
YPR060C,glc,optimal,0.07077,false
YGL148W,glc,optimal,0.07929,false
YDL142C,glc,optimal,0.0,false
YDR044W,glc,optimal,0.0,true
YOR100C,glc,optimal,0.0,false
YBR132C,glc,optimal,0.0,false
YAR035W,glc,optimal,0.0,false
YPR062W,glc,optimal,0.0,false
YCR005C,glc,optimal,0.0,false
YGR012W,glc,optimal,0.00198,false
YAL012W,glc,optimal,1000.0,false
YFR055W,glc,optimal,0.0,false
YGL184C,glc,optimal,0.0,false
YNL247W,glc,optimal,0.0,true
YGR155W,glc,optimal,0.0,false
YNR057C,glc,optimal,0.0,false
YLR420W,glc,optimal,0.0,false
YLR172C,glc,optimal,0.0,false
YOL096C,glc,optimal,0.0,false
YDL100C,glc,optimal,0.0,false
YMR013C,glc,optimal,0.0,true
YPR183W,glc,optimal,0.24237,true
YNR043W,glc,optimal,0.00396,true
YHR063C,glc,optimal,0.0,false
YJR057W,glc,optimal,0.0,true
YBR252W,glc,optimal,0.0,true
YHR068W,glc,optimal,0.0,true
YDL174C,glc,optimal,0.0,false
YDR147W,glc,optimal,0.0,false
YIL134W,glc,optimal,-1.72151e-12,false
YLR372W,glc,optimal,0.0,false
YLR377C,glc,optimal,0.0,false
YJL155C,glc,optimal,0.0,false
YOR176W,glc,optimal,0.0,true
YBL013W,glc,optimal,0.0,false
YDL045C,glc,optimal,-1.72151e-12,true
YEL047C,glc,optimal,29.2917,false
YJR051W,glc,optimal,0.0,false
YER183C,glc,optimal,0.0,false
YDL022W,glc,optimal,0.00741,false
YOL059W,glc,optimal,0.0,false
YIL155C,glc,optimal,0.0,false
YNL241C,glc,optimal,0.0,false
YBR020W,glc,optimal,0.0,false
YDR408C,glc,optimal,0.0294,false
YEL011W,glc,optimal,0.0,false
YLR058C,glc,optimal,-995.369,false
YBR263W,glc,optimal,997.801,false
YPR160W,glc,optimal,0.0,false
YPR035W,glc,optimal,0.24525,true
YOR168W,glc,optimal,0.0,true
YLR195C,glc,optimal,0.0,true
YDR300C,glc,optimal,0.04941,false
YJL101C,glc,optimal,0.0,false
YMR250W,glc,optimal,0.0,false
YDL215C,glc,optimal,0.612462,false
YMR300C,glc,optimal,0.0294,false
YDL171C,glc,optimal,0.0,false
YGL245W,glc,optimal,0.0,true
YOL033W,glc,optimal,0.0,false
YLL043W,glc,optimal,0.0,false
YHL032C,glc,optimal,0.0,false
YDR272W,glc,optimal,0.0,false
YOR040W,glc,optimal,0.0,false
YMR217W,glc,optimal,0.01452,false
YPL091W,glc,optimal,0.0,false
YOL049W,glc,optimal,0.0,false
YLR299W,glc,optimal,0.0,false
YBL033C,glc,optimal,0.0,false
YGR267C,glc,optimal,0.0,true
YDR234W,glc,optimal,0.08586,false
YIL094C,glc,optimal,0.08586,false
YFR025C,glc,optimal,0.01989,false
YDL205C,glc,optimal,0.0,true
YNL277W,glc,optimal,0.01521,false
YHR025W,glc,optimal,0.0,false
YIL116W,glc,optimal,0.01989,false
YLR174W,glc,optimal,0.0,false
YDL066W,glc,optimal,0.27432,false
YNL009W,glc,optimal,0.0,false
YER065C,glc,optimal,0.0,false
YBR248C,glc,optimal,0.01989,false
YOR202W,glc,optimal,0.01989,false
YBL076C,glc,optimal,0.0,true
YPL040C,glc,optimal,0.0,false
YDR380W,glc,optimal,0.0,false
YPL117C,glc,optimal,0.00132,true
YCL018W,glc,optimal,0.08892,false
YBL098W,glc,optimal,0.0,false
YPL160W,glc,optimal,0.0,true
YLR382C,glc,optimal,0.0,false
YML004C,glc,optimal,0.0,false
YHR007C,glc,optimal,0.00066,true
YHR072W,glc,optimal,0.00066,true
YDR037W,glc,optimal,0.0,true
YNL073W,glc,optimal,0.0,false
YML054C,glc,optimal,0.0,false
YDL055C,glc,optimal,0.24237,true
YER003C,glc,optimal,-0.24237,true
YPR006C,glc,optimal,0.0,false
YOL126C,glc,optimal,2.8205,false
YKL085W,glc,optimal,-2.70812,false
YDL078C,glc,optimal,0.0,false
YJR130C,glc,optimal,0.0,false
YGR264C,glc,optimal,0.0,true
YGR171C,glc,optimal,0.0,false
YHR046C,glc,optimal,0.00159,false
YJL153C,glc,optimal,0.00159,false
YLL061W,glc,optimal,0.0,false
YBR176W,glc,optimal,0.0,false
YKR080W,glc,optimal,0.0,false
YGL067W,glc,optimal,0.0,false
YLR138W,glc,optimal,0.0,false
YEL042W,glc,optimal,0.0,false
YGR010W,glc,optimal,0.0,false
YKL120W,glc,optimal,-996.706,false
YJL088W,glc,optimal,0.04821,false
YPL266W,glc,optimal,0.0,true
YML110C,glc,optimal,0.0,false
YGR255C,glc,optimal,0.0,false
YEL021W,glc,optimal,0.03318,false
YDR538W,glc,optimal,0.0,false
YKL184W,glc,optimal,0.0,false
YLR438W,glc,optimal,0.0,false
YOR130C,glc,optimal,0.04821,false
YIL145C,glc,optimal,0.0,false
YPR167C,glc,optimal,0.01719,false
YKR093W,glc,optimal,0.0,false
YGR007W,glc,optimal,0.0,false
YGR157W,glc,optimal,0.0018,false
YCR012W,glc,optimal,-4.40048,true
YPR047W,glc,optimal,0.0,false
YPL268W,glc,optimal,0.0,false
YPR113W,glc,optimal,0.00159,true
YJR077C,glc,optimal,1000.0,false
YER053C,glc,optimal,-985.991,false
YFL045C,glc,optimal,-0.24237,true
YMR220W,glc,optimal,0.00396,true
YDR531W,glc,optimal,0.0,true
YCR028C,glc,optimal,0.0,false
YBR011C,glc,optimal,1.05018,true
YMR267W,glc,optimal,0.0,false
YGL040C,glc,optimal,0.0,true
YKR097W,glc,optimal,0.0,false
YBR166C,glc,optimal,0.0306,false
YNL316C,glc,optimal,0.04017,false
YER014W,glc,optimal,0.0,false
YDR007W,glc,optimal,0.00852,false
YAR015W,glc,optimal,0.0294,false
YGR061C,glc,optimal,0.0294,false
YIL020C,glc,optimal,0.01989,false
YLR142W,glc,optimal,0.0,false
YNL169C,glc,optimal,0.00315,false
YGR208W,glc,optimal,2.50097,false
YOL143C,glc,optimal,0.0,false
YBR256C,glc,optimal,0.0,true
YJL121C,glc,optimal,-0.08651,false
YOR095C,glc,optimal,-0.08738,true
YNR050C,glc,optimal,0.08586,false
YIR034C,glc,optimal,0.08586,false
YJR010W,glc,optimal,0.0,false
YML008C,glc,optimal,0.0,false
YJL068C,glc,optimal,0.0,false
YML082W,glc,optimal,-1000.0,false
YPR069C,glc,optimal,0.0,false
YLR146C,glc,optimal,0.0,false
YGR175C,glc,optimal,0.00066,true
YHR190W,glc,optimal,0.00066,true
YBR006W,glc,optimal,0.0,false
YJR095W,glc,optimal,0.0,false
YIL162W,glc,optimal,0.0,false
YEL046C,glc,optimal,0.11523,false
YER086W,glc,optimal,0.05781,false
YIL078W,glc,optimal,0.0,true
YKL194C,glc,optimal,0.0,false
YOR074C,glc,optimal,0.00108,true
YDR050C,glc,optimal,2.23373,true
YDR353W,glc,optimal,0.02079,true
YHR106W,glc,optimal,0.0,false
YPR026W,glc,optimal,0.0,false
YJR078W,glc,optimal,0.0,false
YGL026C,glc,optimal,0.00852,false
YOL097C,glc,optimal,0.0,true
YDR268W,glc,optimal,0.0,false
YGR185C,glc,optimal,0.0,true
YPL097W,glc,optimal,0.0,false
YDL103C,glc,optimal,0.0,true
YBR019C,glc,optimal,0.0,false
YIR032C,glc,optimal,0.0,false
YKR069W,glc,optimal,0.0,false
YOR278W,glc,optimal,0.0,true
YDR047W,glc,optimal,0.0,true
YHR128W,glc,optimal,0.0,true
YBR021W,glc,optimal,0.0,false
YHL016C,glc,optimal,0.0,false
YBL042C,glc,optimal,0.0,false
YJR133W,glc,optimal,0.0,false
YGR194C,glc,optimal,0.0,false
YLR070C,glc,optimal,0.0,false
YGR282C,glc,suboptimal,0.0,false
YBR265W,glc,suboptimal,0.0,true
YJR025C,glc,suboptimal,0.0,false
YGR019W,glc,suboptimal,0.0,false
YFL017C,glc,suboptimal,0.0,true
YBL015W,glc,suboptimal,0.25407,false
YOL140W,glc,suboptimal,0.07845,false
YAR071W,glc,suboptimal,0.0,false
YPL148C,glc,suboptimal,0.0,false
YLR153C,glc,suboptimal,0.0,true
YCR032W,glc,suboptimal,0.0,false
YNR033W,glc,suboptimal,1.13687e-13,false
YOL052C,glc,suboptimal,0.0,false
YJL005W,glc,suboptimal,0.0,true
YJR105W,glc,suboptimal,0.00561,false
YKL001C,glc,suboptimal,0.01719,false
YNL220W,glc,suboptimal,0.03477,false
YDL052C,glc,suboptimal,0.00741,false
YFL030W,glc,suboptimal,0.0,false
YER043C,glc,suboptimal,0.00561,true
YOR128C,glc,suboptimal,0.0294,false
YDR481C,glc,suboptimal,0.0,false
YDR232W,glc,suboptimal,0.0,true
YDR111C,glc,suboptimal,-0.13764,false
YLR089C,glc,suboptimal,0.0,false
YOR335C,glc,suboptimal,0.0,true
YMR083W,glc,suboptimal,0.0,false
YIR029W,glc,suboptimal,0.0,false
YIR027C,glc,suboptimal,0.0,false
YIR028W,glc,suboptimal,0.0,false
YJR152W,glc,suboptimal,0.0,false
YNR058W,glc,suboptimal,0.0,false
YPL274W,glc,suboptimal,0.0,false
YDR354W,glc,suboptimal,0.00852,false
YDR305C,glc,suboptimal,0.0,false
YPL111W,glc,suboptimal,0.0,false
YHR018C,glc,suboptimal,0.04821,false
YOL058W,glc,suboptimal,0.04821,false
YDR341C,glc,suboptimal,0.0,true
YHR091C,glc,suboptimal,0.0,false
YBR034C,glc,suboptimal,0.0,false
YDR158W,glc,suboptimal,0.0,false
YDR321W,glc,suboptimal,0.0,false
YHR019C,glc,suboptimal,0.0,true
YCR024C,glc,suboptimal,0.0,false
YER052C,glc,suboptimal,0.0,false
YLL018C,glc,suboptimal,0.0,true
YPL104W,glc,suboptimal,0.0,false
YDR530C,glc,suboptimal,0.0,false
YER055C,glc,suboptimal,0.01989,false
YOL064C,glc,suboptimal,0.01719,false
YGR286C,glc,suboptimal,0.0,false
YNL280C,glc,suboptimal,0.00066,false
YMR015C,glc,suboptimal,0.0,false
YGL012W,glc,suboptimal,0.00021,false
YLR056W,glc,suboptimal,0.0,false
YMR202W,glc,suboptimal,0.0,false
YGR088W,glc,suboptimal,1.19875,false
YDR256C,glc,suboptimal,0.0,false
YCL004W,glc,suboptimal,0.0,true
YGR202C,glc,suboptimal,0.0,false
YGL077C,glc,suboptimal,0.0,false
YLR133W,glc,suboptimal,0.0,false
YPR060C,glc,suboptimal,0.07077,false
YGL148W,glc,suboptimal,0.07929,false
YDL142C,glc,suboptimal,0.0,false
YDR044W,glc,suboptimal,0.0,true
YOR100C,glc,suboptimal,0.0,false
YBR132C,glc,suboptimal,0.0,false
YAR035W,glc,suboptimal,0.0,false
YPR062W,glc,suboptimal,0.0,false
YCR005C,glc,suboptimal,0.0,false
YGR012W,glc,suboptimal,0.01719,false
YAL012W,glc,suboptimal,999.985,false
YFR055W,glc,suboptimal,0.01521,false
YGL184C,glc,suboptimal,0.0,false
YNL247W,glc,suboptimal,0.0,true
YGR155W,glc,suboptimal,0.0,false
YNR057C,glc,suboptimal,0.0,false
YLR420W,glc,suboptimal,0.0,false
YLR172C,glc,suboptimal,0.0,false
YOL096C,glc,suboptimal,0.0,false
YDL100C,glc,suboptimal,1.13687e-13,false
YMR013C,glc,suboptimal,0.0,true
YPR183W,glc,suboptimal,0.24237,true
YNR043W,glc,suboptimal,0.00396,true
YHR063C,glc,suboptimal,0.0,false
YJR057W,glc,suboptimal,0.0,true
YBR252W,glc,suboptimal,0.0,true
YHR068W,glc,suboptimal,0.0,true
YDL174C,glc,suboptimal,0.0,false
YDR147W,glc,suboptimal,0.0,false
YIL134W,glc,suboptimal,0.0,false
YLR372W,glc,suboptimal,0.0,false
YLR377C,glc,suboptimal,0.0,false
YJL155C,glc,suboptimal,0.0,false
YOR176W,glc,suboptimal,0.0,true
YBL013W,glc,suboptimal,0.0,false
YDL045C,glc,suboptimal,0.0,true
YEL047C,glc,suboptimal,27.8341,false
YJR051W,glc,suboptimal,0.0,false
YER183C,glc,suboptimal,0.0,false
YDL022W,glc,suboptimal,0.0,false
YOL059W,glc,suboptimal,0.0,false
YIL155C,glc,suboptimal,0.0,false
YNL241C,glc,suboptimal,0.0,false
YBR020W,glc,suboptimal,0.0,false
YDR408C,glc,suboptimal,0.0294,false
YEL011W,glc,suboptimal,0.0,false
YLR058C,glc,suboptimal,-994.768,false
YBR263W,glc,suboptimal,997.508,false
YPR160W,glc,suboptimal,0.0,false
YPR035W,glc,suboptimal,0.24525,true
YOR168W,glc,suboptimal,0.0,true
YLR195C,glc,suboptimal,0.0,true
YDR300C,glc,suboptimal,0.01917,false
YJL101C,glc,suboptimal,0.0,false
YMR250W,glc,suboptimal,0.0,false
YDL215C,glc,suboptimal,0.0,false
YMR300C,glc,suboptimal,0.0294,false
YDL171C,glc,suboptimal,0.0,false
YGL245W,glc,suboptimal,0.0,true
YOL033W,glc,suboptimal,0.0,false
YLL043W,glc,suboptimal,0.0,false
YHL032C,glc,suboptimal,0.0,false
YDR272W,glc,suboptimal,0.0,false
YOR040W,glc,suboptimal,0.0,false
YMR217W,glc,suboptimal,0.01452,false
YPL091W,glc,suboptimal,0.0,false
YOL049W,glc,suboptimal,0.0,false
YLR299W,glc,suboptimal,0.0,false
YBL033C,glc,suboptimal,0.0,false
YGR267C,glc,suboptimal,1.13687e-13,true
YDR234W,glc,suboptimal,0.08586,false
YIL094C,glc,suboptimal,0.08586,false
YFR025C,glc,suboptimal,0.01989,false
YDL205C,glc,suboptimal,0.0,true
YNL277W,glc,suboptimal,0.0,false
YHR025W,glc,suboptimal,0.0,false
YIL116W,glc,suboptimal,0.01989,false
YLR174W,glc,suboptimal,0.0,false
YDL066W,glc,suboptimal,0.30564,false
YNL009W,glc,suboptimal,0.0,false
YER065C,glc,suboptimal,0.0,false
YBR248C,glc,suboptimal,0.01989,false
YOR202W,glc,suboptimal,0.01989,false
YBL076C,glc,suboptimal,0.0,true
YPL040C,glc,suboptimal,0.0,false
YDR380W,glc,suboptimal,0.0,false
YPL117C,glc,suboptimal,0.00132,true
YCL018W,glc,suboptimal,0.08892,false
YBL098W,glc,suboptimal,0.0,false
YPL160W,glc,suboptimal,0.0,true
YLR382C,glc,suboptimal,0.0,false
YML004C,glc,suboptimal,0.0,false
YHR007C,glc,suboptimal,0.00066,true
YHR072W,glc,suboptimal,0.00066,true
YDR037W,glc,suboptimal,0.0,true
YNL073W,glc,suboptimal,0.0,false
YML054C,glc,suboptimal,0.0,false
YDL055C,glc,suboptimal,0.24237,true
YER003C,glc,suboptimal,-0.24237,true
YPR006C,glc,suboptimal,0.0,false
YOL126C,glc,suboptimal,-0.45858,false
YKL085W,glc,suboptimal,0.57096,false
YDL078C,glc,suboptimal,0.0,false
YJR130C,glc,suboptimal,0.0,false
YGR264C,glc,suboptimal,0.0,true
YGR171C,glc,suboptimal,0.0,false
YHR046C,glc,suboptimal,0.00159,false
YJL153C,glc,suboptimal,0.00159,false
YLL061W,glc,suboptimal,0.0,false
YBR176W,glc,suboptimal,0.0,false
YKR080W,glc,suboptimal,0.914383,false
YGL067W,glc,suboptimal,0.0,false
YLR138W,glc,suboptimal,0.0,false
YEL042W,glc,suboptimal,0.0,false
YGR010W,glc,suboptimal,0.0,false
YKL120W,glc,suboptimal,-1000.0,false
YJL088W,glc,suboptimal,0.04821,false
YPL266W,glc,suboptimal,0.0,true
YML110C,glc,suboptimal,0.0,false
YGR255C,glc,suboptimal,0.0,false
YEL021W,glc,suboptimal,0.03318,false
YDR538W,glc,suboptimal,0.0,false
YKL184W,glc,suboptimal,0.0,false
YLR438W,glc,suboptimal,0.03024,false
YOR130C,glc,suboptimal,0.07845,false
YIL145C,glc,suboptimal,0.0,false
YPR167C,glc,suboptimal,0.01719,false
YKR093W,glc,suboptimal,0.0,false
YGR007W,glc,suboptimal,0.0,false
YGR157W,glc,suboptimal,0.0018,false
YCR012W,glc,suboptimal,-4.70873,true
YPR047W,glc,suboptimal,0.0,false
YPL268W,glc,suboptimal,0.0,false
YPR113W,glc,suboptimal,0.00159,true
YJR077C,glc,suboptimal,1000.0,false
YER053C,glc,suboptimal,-983.359,false
YFL045C,glc,suboptimal,-0.24237,true
YMR220W,glc,suboptimal,0.00396,true
YDR531W,glc,suboptimal,0.0,true
YCR028C,glc,suboptimal,0.0,false
YBR011C,glc,suboptimal,1.05018,true
YMR267W,glc,suboptimal,0.0,false
YGL040C,glc,suboptimal,0.0,true
YKR097W,glc,suboptimal,0.0,false
YBR166C,glc,suboptimal,0.0306,false
YNL316C,glc,suboptimal,0.04017,false
YER014W,glc,suboptimal,0.0,false
YDR007W,glc,suboptimal,0.00852,false
YAR015W,glc,suboptimal,0.0294,false
YGR061C,glc,suboptimal,0.0294,false
YIL020C,glc,suboptimal,0.01989,false
YLR142W,glc,suboptimal,0.0,false
YNL169C,glc,suboptimal,0.00315,false
YGR208W,glc,suboptimal,2.82443,false
YOL143C,glc,suboptimal,0.0,false
YBR256C,glc,suboptimal,0.0,true
YJL121C,glc,suboptimal,-0.08651,false
YOR095C,glc,suboptimal,-0.08738,true
YNR050C,glc,suboptimal,0.08586,false
YIR034C,glc,suboptimal,0.08586,false
YJR010W,glc,suboptimal,0.0,false
YML008C,glc,suboptimal,0.0,false
YJL068C,glc,suboptimal,0.0,false
YML082W,glc,suboptimal,-1000.0,false
YPR069C,glc,suboptimal,0.0,false
YLR146C,glc,suboptimal,0.0,false
YGR175C,glc,suboptimal,0.00066,true
YHR190W,glc,suboptimal,0.00066,true
YBR006W,glc,suboptimal,0.0,false
YJR095W,glc,suboptimal,0.0,false
YIL162W,glc,suboptimal,0.0,false
YEL046C,glc,suboptimal,0.13044,false
YER086W,glc,suboptimal,0.05781,false
YIL078W,glc,suboptimal,0.0,true
YKL194C,glc,suboptimal,0.0,false
YOR074C,glc,suboptimal,0.00108,true
YDR050C,glc,suboptimal,2.38785,true
YDR353W,glc,suboptimal,0.02079,true
YHR106W,glc,suboptimal,0.0,false
YPR026W,glc,suboptimal,0.0,false
YJR078W,glc,suboptimal,0.0,false
YGL026C,glc,suboptimal,0.00852,false
YOL097C,glc,suboptimal,0.0,true
YDR268W,glc,suboptimal,0.0,false
YGR185C,glc,suboptimal,0.0,true
YPL097W,glc,suboptimal,0.0,false
YDL103C,glc,suboptimal,0.0,true
YBR019C,glc,suboptimal,0.0,false
YIR032C,glc,suboptimal,0.0,false
YKR069W,glc,suboptimal,0.0,false
YOR278W,glc,suboptimal,0.0,true
YDR047W,glc,suboptimal,0.0,true
YHR128W,glc,suboptimal,0.0,true
YBR021W,glc,suboptimal,0.0,false
YHL016C,glc,suboptimal,0.0,false
YBL042C,glc,suboptimal,0.0,false
YJR133W,glc,suboptimal,0.0,false
YGR194C,glc,suboptimal,0.0,false
YLR070C,glc,suboptimal,0.0,false
YGR282C,sul,optimal,0.0,false
YBR265W,sul,optimal,0.0,true
YJR025C,sul,optimal,0.0,false
YGR019W,sul,optimal,0.0,false
YFL017C,sul,optimal,0.0,true
YBL015W,sul,optimal,0.16515,false
YOL140W,sul,optimal,0.04821,false
YAR071W,sul,optimal,0.0,false
YPL148C,sul,optimal,0.0,false
YLR153C,sul,optimal,0.0,true
YCR032W,sul,optimal,0.0,false
YNR033W,sul,optimal,0.0,false
YOL052C,sul,optimal,0.0,false
YJL005W,sul,optimal,0.0,true
YJR105W,sul,optimal,0.0,false
YKL001C,sul,optimal,0.01719,false
YNL220W,sul,optimal,0.04038,false
YDL052C,sul,optimal,0.00741,false
YFL030W,sul,optimal,0.0,false
YER043C,sul,optimal,0.00561,true
YOR128C,sul,optimal,0.0294,false
YDR481C,sul,optimal,0.0,false
YDR232W,sul,optimal,0.0,true
YDR111C,sul,optimal,-0.13764,false
YLR089C,sul,optimal,0.0,false
YOR335C,sul,optimal,0.0,true
YMR083W,sul,optimal,0.14133,false
YIR029W,sul,optimal,0.0,false
YIR027C,sul,optimal,0.0,false
YIR028W,sul,optimal,0.0,false
YJR152W,sul,optimal,0.0,false
YNR058W,sul,optimal,0.0,false
YPL274W,sul,optimal,0.0,false
YDR354W,sul,optimal,0.00852,false
YDR305C,sul,optimal,0.0,false
YPL111W,sul,optimal,0.0,false
YHR018C,sul,optimal,0.04821,false
YOL058W,sul,optimal,0.04821,false
YDR341C,sul,optimal,0.0,true
YHR091C,sul,optimal,0.0,false
YBR034C,sul,optimal,0.0,false
YDR158W,sul,optimal,0.01521,false
YDR321W,sul,optimal,0.0,false
YHR019C,sul,optimal,0.0,true
YCR024C,sul,optimal,0.0,false
YER052C,sul,optimal,0.01521,false
YLL018C,sul,optimal,0.0,true
YPL104W,sul,optimal,0.0,false
YDR530C,sul,optimal,0.0,false
YER055C,sul,optimal,0.01989,false
YOL064C,sul,optimal,0.01719,false
YGR286C,sul,optimal,0.0,false
YNL280C,sul,optimal,0.00066,false
YMR015C,sul,optimal,0.0,false
YGL012W,sul,optimal,0.00021,false
YLR056W,sul,optimal,0.0,false
YMR202W,sul,optimal,0.0,false
YGR088W,sul,optimal,500.0,false
YDR256C,sul,optimal,0.0,false
YCL004W,sul,optimal,0.0,true
YGR202C,sul,optimal,0.0,false
YGL077C,sul,optimal,0.0,false
YLR133W,sul,optimal,0.0,false
YPR060C,sul,optimal,0.07077,false
YGL148W,sul,optimal,0.07929,false
YDL142C,sul,optimal,0.0,false
YDR044W,sul,optimal,0.0,true
YOR100C,sul,optimal,0.0,false
YBR132C,sul,optimal,0.0,false
YAR035W,sul,optimal,0.0,false
YPR062W,sul,optimal,0.0,false
YCR005C,sul,optimal,0.0,false
YGR012W,sul,optimal,0.00198,false
YAL012W,sul,optimal,1000.0,false
YFR055W,sul,optimal,0.0,false
YGL184C,sul,optimal,0.0,false
YNL247W,sul,optimal,0.0,true
YGR155W,sul,optimal,0.0,false
YNR057C,sul,optimal,0.0,false
YLR420W,sul,optimal,0.0,false
YLR172C,sul,optimal,0.0,false
YOL096C,sul,optimal,0.0,false
YDL100C,sul,optimal,0.0,false
YMR013C,sul,optimal,0.0,true
YPR183W,sul,optimal,0.24237,true
YNR043W,sul,optimal,0.00396,true
YHR063C,sul,optimal,0.0,false
YJR057W,sul,optimal,0.0,true
YBR252W,sul,optimal,0.0,true
YHR068W,sul,optimal,0.0,true
YDL174C,sul,optimal,0.0,false
YDR147W,sul,optimal,0.0,false
YIL134W,sul,optimal,5.55112e-17,false
YLR372W,sul,optimal,0.0,false
YLR377C,sul,optimal,47.6383,false
YJL155C,sul,optimal,0.0,false
YOR176W,sul,optimal,0.0,true
YBL013W,sul,optimal,0.0,false
YDL045C,sul,optimal,5.55112e-17,true
YEL047C,sul,optimal,0.0,false
YJR051W,sul,optimal,0.0,false
YER183C,sul,optimal,0.0,false
YDL022W,sul,optimal,0.31425,false
YOL059W,sul,optimal,0.0,false
YIL155C,sul,optimal,0.31425,false
YNL241C,sul,optimal,499.353,false
YBR020W,sul,optimal,0.0,false
YDR408C,sul,optimal,0.0294,false
YEL011W,sul,optimal,0.0,false
YLR058C,sul,optimal,-999.768,false
YBR263W,sul,optimal,1000.0,false
YPR160W,sul,optimal,0.0,false
YPR035W,sul,optimal,0.24525,true
YOR168W,sul,optimal,0.0,true
YLR195C,sul,optimal,0.0,true
YDR300C,sul,optimal,0.04941,false
YJL101C,sul,optimal,0.0,false
YMR250W,sul,optimal,0.0,false
YDL215C,sul,optimal,997.047,false
YMR300C,sul,optimal,0.0294,false
YDL171C,sul,optimal,0.0,false
YGL245W,sul,optimal,0.0,true
YOL033W,sul,optimal,0.0,false
YLL043W,sul,optimal,0.0,false
YHL032C,sul,optimal,0.0,false
YDR272W,sul,optimal,0.0,false
YOR040W,sul,optimal,0.0,false
YMR217W,sul,optimal,0.01452,false
YPL091W,sul,optimal,0.0,false
YOL049W,sul,optimal,0.0,false
YLR299W,sul,optimal,0.0,false
YBL033C,sul,optimal,0.0,false
YGR267C,sul,optimal,0.0,true
YDR234W,sul,optimal,0.08586,false
YIL094C,sul,optimal,0.08586,false
YFR025C,sul,optimal,0.01989,false
YDL205C,sul,optimal,0.0,true
YNL277W,sul,optimal,0.01521,false
YHR025W,sul,optimal,0.0,false
YIL116W,sul,optimal,0.01989,false
YLR174W,sul,optimal,0.17157,false
YDL066W,sul,optimal,0.13407,false
YNL009W,sul,optimal,0.0,false
YER065C,sul,optimal,0.0,false
YBR248C,sul,optimal,0.01989,false
YOR202W,sul,optimal,0.01989,false
YBL076C,sul,optimal,0.0,true
YPL040C,sul,optimal,0.0,false
YDR380W,sul,optimal,0.0,false
YPL117C,sul,optimal,0.00132,true
YCL018W,sul,optimal,0.08892,false
YBL098W,sul,optimal,0.0,false
YPL160W,sul,optimal,0.0,true
YLR382C,sul,optimal,0.0,false
YML004C,sul,optimal,0.0,false
YHR007C,sul,optimal,0.00066,true
YHR072W,sul,optimal,0.00066,true
YDR037W,sul,optimal,0.0,true
YNL073W,sul,optimal,0.0,false
YML054C,sul,optimal,0.0,false
YDL055C,sul,optimal,0.24237,true
YER003C,sul,optimal,-0.24237,true
YPR006C,sul,optimal,0.0,false
YOL126C,sul,optimal,0.8256,false
YKL085W,sul,optimal,-0.70761,false
YDL078C,sul,optimal,0.0,false
YJR130C,sul,optimal,0.0,false
YGR264C,sul,optimal,0.0,true
YGR171C,sul,optimal,0.0,false
YHR046C,sul,optimal,0.00159,false
YJL153C,sul,optimal,0.00159,false
YLL061W,sul,optimal,0.0,false
YBR176W,sul,optimal,0.0,false
YKR080W,sul,optimal,0.0,false
YGL067W,sul,optimal,0.0,false
YLR138W,sul,optimal,0.0,false
YEL042W,sul,optimal,0.0,false
YGR010W,sul,optimal,0.0,false
YKL120W,sul,optimal,-998.701,false
YJL088W,sul,optimal,0.04821,false
YPL266W,sul,optimal,0.0,true
YML110C,sul,optimal,0.0,false
YGR255C,sul,optimal,0.0,false
YEL021W,sul,optimal,0.03318,false
YDR538W,sul,optimal,0.0,false
YKL184W,sul,optimal,0.0,false
YLR438W,sul,optimal,0.0,false
YOR130C,sul,optimal,0.04821,false
YIL145C,sul,optimal,0.0,false
YPR167C,sul,optimal,0.01719,false
YKR093W,sul,optimal,0.0,false
YGR007W,sul,optimal,0.0,false
YGR157W,sul,optimal,0.0018,false
YCR012W,sul,optimal,-71.0924,true
YPR047W,sul,optimal,0.0,false
YPL268W,sul,optimal,0.0,false
YPR113W,sul,optimal,0.00159,true
YJR077C,sul,optimal,999.121,false
YER053C,sul,optimal,-1000.0,false
YFL045C,sul,optimal,-0.24237,true
YMR220W,sul,optimal,0.00396,true
YDR531W,sul,optimal,0.0,true
YCR028C,sul,optimal,0.0,false
YBR011C,sul,optimal,1.05018,true
YMR267W,sul,optimal,0.0,false
YGL040C,sul,optimal,0.0,true
YKR097W,sul,optimal,0.0,false
YBR166C,sul,optimal,0.0306,false
YNL316C,sul,optimal,0.04017,false
YER014W,sul,optimal,0.0,false
YDR007W,sul,optimal,0.00852,false
YAR015W,sul,optimal,0.0294,false
YGR061C,sul,optimal,0.0294,false
YIL020C,sul,optimal,0.01989,false
YLR142W,sul,optimal,0.0,false
YNL169C,sul,optimal,0.00315,false
YGR208W,sul,optimal,0.30153,false
YOL143C,sul,optimal,0.0,false
YBR256C,sul,optimal,0.0,true
YJL121C,sul,optimal,332.815,false
YOR095C,sul,optimal,-166.538,true
YNR050C,sul,optimal,0.08586,false
YIR034C,sul,optimal,0.08586,false
YJR010W,sul,optimal,0.0,false
YML008C,sul,optimal,0.0,false
YJL068C,sul,optimal,0.0,false
YML082W,sul,optimal,-1000.0,false
YPR069C,sul,optimal,0.0,false
YLR146C,sul,optimal,0.0,false
YGR175C,sul,optimal,0.00066,true
YHR190W,sul,optimal,0.00066,true
YBR006W,sul,optimal,0.0,false
YJR095W,sul,optimal,0.0,false
YIL162W,sul,optimal,0.0,false
YEL046C,sul,optimal,0.11523,false
YER086W,sul,optimal,0.05781,false
YIL078W,sul,optimal,0.0,true
YKL194C,sul,optimal,0.0,false
YOR074C,sul,optimal,0.00108,true
YDR050C,sul,optimal,-47.6457,true
YDR353W,sul,optimal,0.02079,true
YHR106W,sul,optimal,0.0,false
YPR026W,sul,optimal,0.0,false
YJR078W,sul,optimal,0.0,false
YGL026C,sul,optimal,0.00852,false
YOL097C,sul,optimal,0.0,true
YDR268W,sul,optimal,0.0,false
YGR185C,sul,optimal,0.0,true
YPL097W,sul,optimal,0.0,false
YDL103C,sul,optimal,0.0,true
YBR019C,sul,optimal,0.0,false
YIR032C,sul,optimal,0.0,false
YKR069W,sul,optimal,0.0,false
YOR278W,sul,optimal,0.0,true
YDR047W,sul,optimal,0.0,true
YHR128W,sul,optimal,0.0,true
YBR021W,sul,optimal,0.0,false
YHL016C,sul,optimal,0.0,false
YBL042C,sul,optimal,0.0,false
YJR133W,sul,optimal,0.0,false
YGR194C,sul,optimal,0.0,false
YLR070C,sul,optimal,0.0,false
YGR282C,sul,suboptimal,0.0,false
YBR265W,sul,suboptimal,-1.73472e-18,true
YJR025C,sul,suboptimal,0.0,false
YGR019W,sul,suboptimal,0.0,false
YFL017C,sul,suboptimal,0.0,true
YBL015W,sul,suboptimal,0.295384,false
YOL140W,sul,suboptimal,0.09762,false
YAR071W,sul,suboptimal,0.0,false
YPL148C,sul,suboptimal,0.0,false
YLR153C,sul,suboptimal,0.0,true
YCR032W,sul,suboptimal,0.0,false
YNR033W,sul,suboptimal,0.0,false
YOL052C,sul,suboptimal,0.0,false
YJL005W,sul,suboptimal,0.0,true
YJR105W,sul,suboptimal,0.00561,false
YKL001C,sul,suboptimal,0.0183495,false
YNL220W,sul,suboptimal,0.03477,false
YDL052C,sul,suboptimal,0.00741,false
YFL030W,sul,suboptimal,0.0,false
YER043C,sul,suboptimal,0.00561,true
YOR128C,sul,suboptimal,0.0294,false
YDR481C,sul,suboptimal,0.0,false
YDR232W,sul,suboptimal,0.0,true
YDR111C,sul,suboptimal,-0.13764,false
YLR089C,sul,suboptimal,0.0,false
YOR335C,sul,suboptimal,0.0,true
YMR083W,sul,suboptimal,0.277035,false
YIR029W,sul,suboptimal,0.0,false
YIR027C,sul,suboptimal,0.0,false
YIR028W,sul,suboptimal,0.0,false
YJR152W,sul,suboptimal,0.0,false
YNR058W,sul,suboptimal,0.0,false
YPL274W,sul,suboptimal,0.0,false
YDR354W,sul,suboptimal,0.00852,false
YDR305C,sul,suboptimal,0.0,false
YPL111W,sul,suboptimal,0.0,false
YHR018C,sul,suboptimal,0.04821,false
YOL058W,sul,suboptimal,0.04821,false
YDR341C,sul,suboptimal,0.0,true
YHR091C,sul,suboptimal,0.0,false
YBR034C,sul,suboptimal,0.0,false
YDR158W,sul,suboptimal,0.01521,false
YDR321W,sul,suboptimal,0.0,false
YHR019C,sul,suboptimal,0.0,true
YCR024C,sul,suboptimal,0.0,false
YER052C,sul,suboptimal,0.01521,false
YLL018C,sul,suboptimal,0.0,true
YPL104W,sul,suboptimal,0.0,false
YDR530C,sul,suboptimal,0.0,false
YER055C,sul,suboptimal,0.01989,false
YOL064C,sul,suboptimal,0.0183495,false
YGR286C,sul,suboptimal,0.0,false
YNL280C,sul,suboptimal,0.00066,false
YMR015C,sul,suboptimal,0.0,false
YGL012W,sul,suboptimal,0.00021,false
YLR056W,sul,suboptimal,0.0,false
YMR202W,sul,suboptimal,0.0,false
YGR088W,sul,suboptimal,251.34,false
YDR256C,sul,suboptimal,0.0,false
YCL004W,sul,suboptimal,0.0,true
YGR202C,sul,suboptimal,0.0,false
YGL077C,sul,suboptimal,0.0,false
YLR133W,sul,suboptimal,0.0,false
YPR060C,sul,suboptimal,0.07077,false
YGL148W,sul,suboptimal,0.07929,false
YDL142C,sul,suboptimal,0.0,false
YDR044W,sul,suboptimal,0.0,true
YOR100C,sul,suboptimal,0.0,false
YBR132C,sul,suboptimal,2.27682e-17,false
YAR035W,sul,suboptimal,0.040155,false
YPR062W,sul,suboptimal,0.0,false
YCR005C,sul,suboptimal,0.0,false
YGR012W,sul,suboptimal,0.0031395,false
YAL012W,sul,suboptimal,1000.0,false
YFR055W,sul,suboptimal,0.0,false
YGL184C,sul,suboptimal,0.0,false
YNL247W,sul,suboptimal,0.0,true
YGR155W,sul,suboptimal,0.0,false
YNR057C,sul,suboptimal,0.0,false
YLR420W,sul,suboptimal,0.0,false
YLR172C,sul,suboptimal,0.0,false
YOL096C,sul,suboptimal,0.0,false
YDL100C,sul,suboptimal,0.0,false
YMR013C,sul,suboptimal,0.0,true
YPR183W,sul,suboptimal,0.24237,true
YNR043W,sul,suboptimal,0.00396,true
YHR063C,sul,suboptimal,0.0,false
YJR057W,sul,suboptimal,-1.11941e-13,true
YBR252W,sul,suboptimal,0.0,true
YHR068W,sul,suboptimal,0.0,true
YDL174C,sul,suboptimal,0.0,false
YDR147W,sul,suboptimal,0.0,false
YIL134W,sul,suboptimal,-6.93889e-18,false
YLR372W,sul,suboptimal,0.0,false
YLR377C,sul,suboptimal,0.0,false
YJL155C,sul,suboptimal,0.0,false
YOR176W,sul,suboptimal,0.0,true
YBL013W,sul,suboptimal,0.0,false
YDL045C,sul,suboptimal,-6.93889e-18,true
YEL047C,sul,suboptimal,23.7717,false
YJR051W,sul,suboptimal,0.0,false
YER183C,sul,suboptimal,0.0,false
YDL022W,sul,suboptimal,500.889,false
YOL059W,sul,suboptimal,0.0,false
YIL155C,sul,suboptimal,187.552,false
YNL241C,sul,suboptimal,0.0,false
YBR020W,sul,suboptimal,0.0,false
YDR408C,sul,suboptimal,0.0294,false
YEL011W,sul,suboptimal,0.15555,false
YLR058C,sul,suboptimal,-1.46981,false
YBR263W,sul,suboptimal,500.851,false
YPR160W,sul,suboptimal,0.0,false
YPR035W,sul,suboptimal,0.24525,true
YOR168W,sul,suboptimal,0.0,true
YLR195C,sul,suboptimal,0.0,true
YDR300C,sul,suboptimal,0.0,false
YJL101C,sul,suboptimal,0.0,false
YMR250W,sul,suboptimal,0.0,false
YDL215C,sul,suboptimal,0.0,false
YMR300C,sul,suboptimal,0.0294,false
YDL171C,sul,suboptimal,0.0,false
YGL245W,sul,suboptimal,0.0,true
YOL033W,sul,suboptimal,0.0,false
YLL043W,sul,suboptimal,313.329,false
YHL032C,sul,suboptimal,0.0,false
YDR272W,sul,suboptimal,0.0,false
YOR040W,sul,suboptimal,0.0,false
YMR217W,sul,suboptimal,0.01452,false
YPL091W,sul,suboptimal,497.321,false
YOL049W,sul,suboptimal,0.0,false
YLR299W,sul,suboptimal,0.0,false
YBL033C,sul,suboptimal,0.0,false
YGR267C,sul,suboptimal,0.0,true
YDR234W,sul,suboptimal,0.08586,false
YIL094C,sul,suboptimal,0.08586,false
YFR025C,sul,suboptimal,0.01989,false
YDL205C,sul,suboptimal,0.0,true
YNL277W,sul,suboptimal,0.01521,false
YHR025W,sul,suboptimal,0.0,false
YIL116W,sul,suboptimal,0.01989,false
YLR174W,sul,suboptimal,0.0,false
YDL066W,sul,suboptimal,0.30564,false
YNL009W,sul,suboptimal,0.0,false
YER065C,sul,suboptimal,0.0,false
YBR248C,sul,suboptimal,0.01989,false
YOR202W,sul,suboptimal,0.01989,false
YBL076C,sul,suboptimal,0.0,true
YPL040C,sul,suboptimal,0.0,false
YDR380W,sul,suboptimal,0.0,false
YPL117C,sul,suboptimal,0.00132,true
YCL018W,sul,suboptimal,0.08892,false
YBL098W,sul,suboptimal,0.0,false
YPL160W,sul,suboptimal,0.0,true
YLR382C,sul,suboptimal,0.0,false
YML004C,sul,suboptimal,0.0,false
YHR007C,sul,suboptimal,0.00066,true
YHR072W,sul,suboptimal,0.00066,true
YDR037W,sul,suboptimal,0.0,true
YNL073W,sul,suboptimal,0.0,false
YML054C,sul,suboptimal,0.0,false
YDL055C,sul,suboptimal,0.24237,true
YER003C,sul,suboptimal,-0.24237,true
YPR006C,sul,suboptimal,0.0,false
YOL126C,sul,suboptimal,500.234,false
YKL085W,sul,suboptimal,-1000.0,false
YDL078C,sul,suboptimal,0.0,false
YJR130C,sul,suboptimal,0.0,false
YGR264C,sul,suboptimal,0.0,true
YGR171C,sul,suboptimal,0.0,false
YHR046C,sul,suboptimal,0.00159,false
YJL153C,sul,suboptimal,0.00159,false
YLL061W,sul,suboptimal,0.0,false
YBR176W,sul,suboptimal,0.0,false
YKR080W,sul,suboptimal,0.0,false
YGL067W,sul,suboptimal,0.0,false
YLR138W,sul,suboptimal,0.0,false
YEL042W,sul,suboptimal,0.0,false
YGR010W,sul,suboptimal,0.0,false
YKL120W,sul,suboptimal,0.58617,false
YJL088W,sul,suboptimal,0.04821,false
YPL266W,sul,suboptimal,0.0,true
YML110C,sul,suboptimal,0.0,false
YGR255C,sul,suboptimal,0.0,false
YEL021W,sul,suboptimal,0.03318,false
YDR538W,sul,suboptimal,0.0,false
YKL184W,sul,suboptimal,0.0,false
YLR438W,sul,suboptimal,0.04941,false
YOR130C,sul,suboptimal,0.09762,false
YIL145C,sul,suboptimal,0.0,false
YPR167C,sul,suboptimal,0.0183495,false
YKR093W,sul,suboptimal,0.0,false
YGR007W,sul,suboptimal,0.0,false
YGR157W,sul,suboptimal,0.0018,false
YCR012W,sul,suboptimal,-1000.0,true
YPR047W,sul,suboptimal,0.0,false
YPL268W,sul,suboptimal,0.0,false
YPR113W,sul,suboptimal,0.00159,true
YJR077C,sul,suboptimal,835.516,false
YER053C,sul,suboptimal,-999.878,false
YFL045C,sul,suboptimal,-0.24237,true
YMR220W,sul,suboptimal,0.00396,true
YDR531W,sul,suboptimal,0.0,true
YCR028C,sul,suboptimal,0.0,false
YBR011C,sul,suboptimal,1.05018,true
YMR267W,sul,suboptimal,0.0,false
YGL040C,sul,suboptimal,0.0,true
YKR097W,sul,suboptimal,0.0,false
YBR166C,sul,suboptimal,0.0306,false
YNL316C,sul,suboptimal,0.04017,false
YER014W,sul,suboptimal,0.0,false
YDR007W,sul,suboptimal,0.00852,false
YAR015W,sul,suboptimal,0.0294,false
YGR061C,sul,suboptimal,0.0294,false
YIL020C,sul,suboptimal,0.01989,false
YLR142W,sul,suboptimal,0.0,false
YNL169C,sul,suboptimal,0.00315,false
YGR208W,sul,suboptimal,499.452,false
YOL143C,sul,suboptimal,0.0,false
YBR256C,sul,suboptimal,0.0,true
YJL121C,sul,suboptimal,-0.08651,false
YOR095C,sul,suboptimal,-0.08738,true
YNR050C,sul,suboptimal,0.08586,false
YIR034C,sul,suboptimal,0.08586,false
YJR010W,sul,suboptimal,0.0,false
YML008C,sul,suboptimal,0.0,false
YJL068C,sul,suboptimal,0.0,false
YML082W,sul,suboptimal,-1000.0,false
YPR069C,sul,suboptimal,0.0,false
YLR146C,sul,suboptimal,0.0,false
YGR175C,sul,suboptimal,0.00066,true
YHR190W,sul,suboptimal,0.00066,true
YBR006W,sul,suboptimal,0.0,false
YJR095W,sul,suboptimal,0.0,false
YIL162W,sul,suboptimal,0.0,false
YEL046C,sul,suboptimal,0.11523,false
YER086W,sul,suboptimal,0.05781,false
YIL078W,sul,suboptimal,0.0,true
YKL194C,sul,suboptimal,0.0,false
YOR074C,sul,suboptimal,0.00108,true
YDR050C,sul,suboptimal,343.369,true
YDR353W,sul,suboptimal,0.0219495,true
YHR106W,sul,suboptimal,0.0,false
YPR026W,sul,suboptimal,0.0,false
YJR078W,sul,suboptimal,0.0,false
YGL026C,sul,suboptimal,0.00852,false
YOL097C,sul,suboptimal,0.0,true
YDR268W,sul,suboptimal,0.0,false
YGR185C,sul,suboptimal,0.0,true
YPL097W,sul,suboptimal,0.0,false
YDL103C,sul,suboptimal,0.0,true
YBR019C,sul,suboptimal,0.0,false
YIR032C,sul,suboptimal,0.0,false
YKR069W,sul,suboptimal,0.0,false
YOR278W,sul,suboptimal,0.0,true
YDR047W,sul,suboptimal,0.0,true
YHR128W,sul,suboptimal,0.0,true
YBR021W,sul,suboptimal,0.0,false
YHL016C,sul,suboptimal,0.0,false
YBL042C,sul,suboptimal,0.0,false
YJR133W,sul,suboptimal,0.0,false
YGR194C,sul,suboptimal,0.0,false
YLR070C,sul,suboptimal,0.0,false
